quarter,department,day,team,smv,wip,incentive,idle_time,idle_men,no_of_style_change,no_of_workers,over_time_scaled,target_met,productivity_level
Quarter1,sewing,Thursday,8,26.16,1108.0,98,0.0,0,0,59.0,0.7505889183804746,1,High
Quarter1,finished,Thursday,1,3.94,0.0,0,0.0,0,0,8.0,-1.0776823771579405,1,High
Quarter1,sewing,Thursday,11,11.41,968.0,50,0.0,0,0,30.5,-0.27109209971452214,1,High
Quarter1,sewing,Thursday,12,11.41,968.0,50,0.0,0,0,30.5,-0.27109209971452214,1,High
Quarter1,sewing,Thursday,6,25.9,1170.0,50,0.0,0,0,56.0,-0.7908947229558362,1,High
Quarter1,sewing,Thursday,7,25.9,984.0,38,0.0,0,0,56.0,0.6430435480546854,1,High
Quarter1,finished,Thursday,2,3.94,0.0,0,0.0,0,0,8.0,-1.0776823771579405,1,Moderate
Quarter1,sewing,Thursday,3,28.08,795.0,45,0.0,0,0,57.5,0.69681623321758,1,Moderate
Quarter1,sewing,Thursday,2,19.87,733.0,34,0.0,0,0,55.0,0.42795280740310715,1,Moderate
Quarter1,sewing,Thursday,1,28.08,681.0,45,0.0,0,0,57.5,0.69681623321758,1,Moderate
Quarter1,sewing,Thursday,9,28.08,872.0,44,0.0,0,0,57.5,0.69681623321758,1,Moderate
Quarter1,sewing,Thursday,10,19.31,578.0,45,0.0,0,0,54.0,0.5713466345041593,0,Moderate
Quarter1,sewing,Thursday,5,11.41,668.0,50,0.0,0,0,30.5,-0.27109209971452214,0,Moderate
Quarter1,finished,Thursday,10,3.94,0.0,0,0.0,0,0,8.0,-1.0776823771579405,1,Moderate
Quarter1,finished,Thursday,8,2.9,0.0,0,0.0,0,0,8.0,-1.0776823771579405,0,Moderate
Quarter1,finished,Thursday,4,3.94,0.0,0,0.0,0,0,18.0,-0.7191978094053102,0,Low
Quarter1,finished,Thursday,7,2.9,0.0,0,0.0,0,0,8.0,-1.0776823771579405,0,Low
Quarter1,sewing,Thursday,4,23.69,861.0,0,0.0,0,0,60.0,0.7864373751557375,0,Low
Quarter1,finished,Thursday,11,4.15,0.0,0,0.0,0,0,12.0,-0.9342885500568884,0,Low
Quarter1,finished,Saturday,4,4.15,0.0,0,0.0,0,0,20.0,0.6071950912794224,1,High
Quarter1,finished,Saturday,11,2.9,0.0,0,0.0,0,0,17.0,0.32040743707731806,1,High
Quarter1,finished,Saturday,9,4.15,0.0,0,0.0,0,0,8.0,-1.0776823771579405,1,High
Quarter1,finished,Saturday,3,3.94,0.0,0,0.0,0,0,8.0,-0.8984400932816253,1,High
Quarter1,finished,Saturday,1,3.94,0.0,0,0.0,0,0,8.0,-1.0776823771579405,1,High
Quarter1,sewing,Saturday,1,28.08,772.0,50,0.0,0,0,56.5,0.5175739493412648,1,High
Quarter1,sewing,Saturday,3,28.08,913.0,50,0.0,0,0,54.5,0.5892708628917909,1,High
Quarter1,sewing,Saturday,8,26.16,1261.0,50,0.0,0,0,59.0,0.7505889183804746,1,High
Quarter1,sewing,Saturday,12,26.16,844.0,63,0.0,0,0,59.0,0.7505889183804746,1,High
Quarter1,sewing,Saturday,11,11.61,1005.0,50,0.0,0,0,29.5,0.7505889183804746,1,High
Quarter1,sewing,Saturday,5,11.61,659.0,50,0.0,0,0,31.5,0.7505889183804746,1,High
Quarter1,sewing,Saturday,6,25.9,1152.0,50,0.0,0,0,56.0,0.6430435480546854,1,High
Quarter1,sewing,Saturday,7,25.9,1138.0,38,0.0,0,0,56.0,0.6430435480546854,1,High
Quarter1,sewing,Saturday,10,19.31,610.0,56,0.0,0,0,54.0,0.5713466345041593,1,Moderate
Quarter1,finished,Saturday,2,4.15,0.0,0,0.0,0,0,8.0,-1.0776823771579405,0,Moderate
Quarter1,sewing,Saturday,2,19.87,944.0,45,0.0,0,0,55.0,0.6071950912794224,1,Moderate
Quarter1,finished,Saturday,10,4.15,0.0,0,0.0,0,0,8.0,-1.0776823771579405,1,Moderate
Quarter1,sewing,Saturday,4,23.69,544.0,0,0.0,0,0,60.0,2.7581024977952047,1,Moderate
Quarter1,sewing,Saturday,9,28.08,1072.0,40,0.0,0,0,57.5,0.69681623321758,0,Moderate
Quarter1,finished,Saturday,8,2.9,0.0,0,0.0,0,0,8.0,-1.0776823771579405,0,Moderate
Quarter1,finished,Saturday,7,3.94,0.0,0,0.0,0,0,8.0,-1.0776823771579405,0,Moderate
Quarter1,finished,Sunday,3,4.15,0.0,0,0.0,0,0,8.0,-0.8984400932816253,1,High
Quarter1,finished,Sunday,9,3.94,0.0,0,0.0,0,0,8.0,-1.0776823771579405,1,High
Quarter1,finished,Sunday,1,3.94,0.0,0,0.0,0,0,8.0,-1.0776823771579405,1,High
Quarter1,sewing,Sunday,6,11.61,539.0,50,0.0,0,0,31.0,0.7192215187021194,1,High
Quarter1,finished,Sunday,4,3.94,0.0,0,0.0,0,0,20.0,0.6071950912794224,1,High
Quarter1,sewing,Sunday,9,26.16,1278.0,60,0.0,0,0,59.0,0.7505889183804746,1,High
Quarter1,sewing,Sunday,7,25.9,1227.0,60,0.0,0,0,56.5,0.7326646899928431,1,High
Quarter1,sewing,Sunday,8,25.9,1039.0,45,0.0,0,0,56.5,0.660967776442317,1,High
Quarter1,sewing,Sunday,4,28.08,878.0,50,0.0,0,0,55.5,-0.09184981583820692,1,High
Quarter1,sewing,Sunday,1,26.16,1033.0,63,0.0,0,0,59.0,0.7505889183804746,1,High
Quarter1,sewing,Sunday,2,28.08,782.0,50,0.0,0,0,55.5,0.6251193196670539,1,High
Quarter1,sewing,Sunday,12,11.61,1216.0,50,0.0,0,0,31.0,0.7192215187021194,1,High
Quarter1,finished,Sunday,2,3.94,0.0,0,0.0,0,0,8.0,-1.0776823771579405,0,Moderate
Quarter1,finished,Sunday,10,3.94,0.0,0,0.0,0,0,18.0,-0.07392558745057541,1,Moderate
Quarter1,sewing,Sunday,11,19.31,513.0,45,0.0,0,0,54.0,0.5713466345041593,1,Moderate
Quarter1,sewing,Sunday,3,19.87,734.0,45,0.0,0,0,55.0,0.6071950912794224,1,Moderate
Quarter1,sewing,Sunday,10,28.08,1202.0,40,0.0,0,0,57.5,0.69681623321758,0,Moderate
Quarter1,finished,Sunday,8,2.9,0.0,0,0.0,0,0,8.0,-1.0776823771579405,0,Moderate
Quarter1,finished,Sunday,7,2.9,0.0,0,0.0,0,0,8.0,-1.0776823771579405,0,Moderate
Quarter1,sewing,Sunday,5,45.67,884.0,26,0.0,0,0,58.0,0.7147404616052115,0,Moderate
Quarter1,finished,Sunday,11,4.15,0.0,0,0.0,0,0,8.0,-1.0776823771579405,0,Low
Quarter1,finished,Monday,1,3.94,0.0,0,0.0,0,0,8.0,-0.7908947229558362,1,High
Quarter1,finished,Monday,11,3.94,0.0,0,0.0,0,0,10.0,-0.6475008958547841,1,High
Quarter1,finished,Monday,4,3.94,0.0,0,0.0,0,0,16.0,-0.21731941455162757,1,High
Quarter1,finished,Monday,3,4.15,0.0,0,0.0,0,0,8.0,-0.7908947229558362,1,High
Quarter1,sewing,Monday,9,26.16,1227.0,75,0.0,0,0,59.0,0.7505889183804746,1,High
Quarter1,finished,Monday,9,2.9,0.0,0,0.0,0,0,8.0,-0.7908947229558362,1,High
Quarter1,finished,Monday,2,3.94,0.0,0,0.0,0,0,8.0,-1.0776823771579405,1,High
Quarter1,sewing,Monday,7,25.9,1255.0,50,0.0,0,0,56.5,0.660967776442317,1,High
Quarter1,sewing,Monday,8,25.9,1047.0,38,0.0,0,0,56.5,0.660967776442317,1,High
Quarter1,sewing,Monday,1,26.16,1138.0,63,0.0,0,0,59.0,0.7505889183804746,1,High
Quarter1,sewing,Monday,11,19.31,678.0,50,0.0,0,0,55.0,0.06946823965047676,1,High
Quarter1,sewing,Monday,6,11.61,712.0,50,0.0,0,0,32.0,0.7864373751557375,1,High
Quarter1,sewing,Monday,12,11.61,1037.0,50,0.0,0,0,32.0,0.7864373751557375,1,High
Quarter1,sewing,Monday,2,28.08,757.0,50,0.0,0,0,57.5,0.69681623321758,1,High
Quarter1,sewing,Monday,4,28.08,759.0,50,0.0,0,0,57.5,0.69681623321758,1,High
Quarter1,finished,Monday,10,2.9,0.0,0,0.0,0,0,8.0,-1.0776823771579405,1,Moderate
Quarter1,finished,Monday,5,2.9,0.0,0,0.0,0,0,8.0,-1.0776823771579405,1,Moderate
Quarter1,sewing,Monday,10,28.08,1083.0,45,0.0,0,0,58.5,0.7326646899928431,1,Moderate
Quarter1,sewing,Monday,3,19.87,944.0,45,0.0,0,0,55.0,0.6071950912794224,1,Moderate
Quarter1,finished,Monday,7,3.94,0.0,0,0.0,0,0,8.0,-1.0776823771579405,0,Moderate
Quarter1,finished,Monday,8,2.9,0.0,0,0.0,0,0,8.0,-1.0776823771579405,0,Moderate
Quarter1,sewing,Monday,5,21.98,666.0,23,0.0,0,0,58.0,0.7147404616052115,1,Moderate
Quarter1,finished,Tuesday,4,3.94,0.0,0,0.0,0,0,18.0,-0.03807713067531236,1,High
Quarter1,finished,Tuesday,1,3.94,0.0,0,0.0,0,0,8.0,-0.9342885500568884,1,High
Quarter1,finished,Tuesday,3,4.15,0.0,0,0.0,0,0,10.0,-0.8267431797310992,1,High
Quarter1,finished,Tuesday,11,4.15,0.0,0,0.0,0,0,15.0,-0.5578797539166265,1,High
Quarter1,finished,Tuesday,9,3.94,0.0,0,0.0,0,0,8.0,-0.9342885500568884,1,High
Quarter1,sewing,Tuesday,1,26.16,1187.0,75,0.0,0,0,59.0,1.8081183932507343,1,High
Quarter1,sewing,Tuesday,9,26.16,1305.0,75,0.0,0,0,59.0,1.8081183932507343,1,High
Quarter1,finished,Tuesday,10,3.94,0.0,0,0.0,0,0,8.0,-0.9342885500568884,1,High
Quarter1,finished,Tuesday,2,3.94,0.0,0,0.0,0,0,8.0,-0.9342885500568884,1,High
Quarter1,sewing,Tuesday,2,28.08,716.0,50,0.0,0,0,57.5,1.7274593655063923,1,High
Quarter1,sewing,Tuesday,4,28.08,925.0,50,0.0,0,0,57.5,1.7274593655063923,1,High
Quarter1,sewing,Tuesday,3,19.87,963.0,50,0.0,0,0,55.0,1.593027652599156,1,High
Quarter1,sewing,Tuesday,12,11.61,1101.0,50,0.0,0,0,31.5,0.22182418094534467,1,High
Quarter1,sewing,Tuesday,7,25.9,1035.0,38,0.0,0,0,56.5,1.6736866803434978,1,High
Quarter1,sewing,Tuesday,8,25.9,1083.0,38,0.0,0,0,56.5,1.6736866803434978,1,High
Quarter1,sewing,Tuesday,6,11.61,910.0,38,0.0,0,0,31.5,-0.029115016481496604,1,High
Quarter1,sewing,Tuesday,10,28.08,1209.0,45,0.0,0,0,58.5,1.781232050669287,1,Moderate
Quarter1,sewing,Tuesday,11,19.31,590.0,45,0.0,0,0,55.0,1.593027652599156,1,Moderate
Quarter1,finished,Tuesday,8,2.9,0.0,0,0.0,0,0,8.0,-0.9342885500568884,0,Moderate
Quarter1,sewing,Tuesday,5,21.98,808.0,35,0.0,0,0,58.0,1.7543457080878397,0,Moderate
Quarter1,finished,Tuesday,7,2.9,0.0,0,0.0,0,0,8.0,-0.9342885500568884,0,Moderate
Quarter1,finished,Wednesday,1,3.94,0.0,0,0.0,0,0,8.0,-0.9342885500568884,1,High
Quarter1,finished,Wednesday,9,3.94,0.0,0,0.0,0,0,8.0,-0.9342885500568884,1,High
Quarter1,sewing,Wednesday,1,26.16,1179.0,75,0.0,0,0,59.0,1.8081183932507343,1,High
Quarter1,sewing,Wednesday,9,26.16,1324.0,75,0.0,0,0,59.0,1.8081183932507343,1,High
Quarter1,sewing,Wednesday,8,25.9,1135.0,60,0.0,0,0,56.5,1.6736866803434978,1,High
Quarter1,finished,Wednesday,3,4.15,0.0,0,0.0,0,0,15.0,-0.5578797539166265,1,High
Quarter1,finished,Wednesday,4,3.94,0.0,0,0.0,0,0,18.0,-0.03807713067531236,1,High
Quarter1,finished,Wednesday,2,3.94,0.0,0,0.0,0,0,8.0,-0.9342885500568884,1,High
Quarter1,finished,Wednesday,10,3.94,0.0,0,0.0,0,0,8.0,-0.9342885500568884,1,High
Quarter1,finished,Wednesday,7,2.9,0.0,0,0.0,0,0,8.0,-0.9342885500568884,1,High
Quarter1,sewing,Wednesday,2,28.08,776.0,63,0.0,0,0,57.5,1.7274593655063923,1,High
Quarter1,sewing,Wednesday,4,28.08,990.0,50,0.0,0,0,57.5,1.7274593655063923,1,High
Quarter1,sewing,Wednesday,6,11.41,986.0,50,0.0,0,0,30.5,0.27559686610823925,1,High
Quarter1,sewing,Wednesday,3,19.87,924.0,50,0.0,0,0,55.0,1.593027652599156,1,High
Quarter1,sewing,Wednesday,12,11.61,1120.0,50,0.0,0,0,31.5,0.3293695512711338,1,High
Quarter1,sewing,Wednesday,7,25.9,1066.0,50,0.0,0,0,56.5,1.6736866803434978,1,High
Quarter1,sewing,Wednesday,10,28.08,1144.0,69,0.0,0,0,58.5,1.781232050669287,1,High
Quarter1,sewing,Wednesday,5,21.98,413.0,40,0.0,0,0,58.0,1.5392549674362614,1,Moderate
Quarter1,finished,Wednesday,8,2.9,0.0,0,0.0,0,0,8.0,-0.9342885500568884,0,Moderate
Quarter1,finished,Wednesday,6,2.9,0.0,0,0.0,0,0,10.0,-0.8267431797310992,0,Moderate
Quarter1,sewing,Wednesday,11,31.83,568.0,40,0.0,0,0,55.0,1.593027652599156,0,Low
Quarter1,finished,Wednesday,5,4.15,0.0,0,0.0,0,0,8.0,-0.9342885500568884,0,Low
Quarter2,finished,Thursday,1,3.94,0.0,0,0.0,0,0,8.0,-0.9342885500568884,1,High
Quarter2,finished,Thursday,4,3.94,0.0,0,0.0,0,0,20.0,2.3996179300425746,1,High
Quarter2,sewing,Thursday,9,26.16,1216.0,88,0.0,0,0,59.0,1.8081183932507343,1,High
Quarter2,finished,Thursday,9,3.94,0.0,0,0.0,0,0,8.0,-0.9342885500568884,1,High
Quarter2,sewing,Thursday,1,26.16,1189.0,75,0.0,0,0,59.0,1.8081183932507343,1,High
Quarter2,sewing,Thursday,4,28.08,942.0,75,0.0,0,0,58.5,1.781232050669287,1,High
Quarter2,sewing,Thursday,7,25.9,1050.0,60,0.0,0,0,56.5,1.6736866803434978,1,High
Quarter2,sewing,Thursday,8,25.9,1026.0,60,0.0,0,0,56.5,1.6736866803434978,1,High
Quarter2,finished,Thursday,2,3.94,0.0,0,0.0,0,0,8.0,-0.9342885500568884,1,High
Quarter2,finished,Thursday,5,4.15,0.0,0,0.0,0,0,8.0,-0.21731941455162757,1,High
Quarter2,sewing,Thursday,2,28.08,783.0,63,0.0,0,0,58.5,1.6378382235682347,1,High
Quarter2,sewing,Thursday,3,19.87,857.0,50,0.0,0,0,55.0,1.593027652599156,1,High
Quarter2,sewing,Thursday,12,11.61,548.0,63,0.0,0,0,31.5,3.152435522323098,1,High
Quarter2,sewing,Thursday,6,11.41,411.0,50,0.0,0,0,30.5,3.009041695222046,1,High
Quarter2,sewing,Thursday,10,28.08,1066.0,69,0.0,0,0,58.5,1.781232050669287,1,High
Quarter2,finished,Thursday,10,3.94,0.0,0,0.0,0,0,8.0,-0.9342885500568884,1,Moderate
Quarter2,finished,Thursday,8,2.9,0.0,0,0.0,0,0,8.0,-0.9342885500568884,0,Moderate
Quarter2,finished,Thursday,3,4.15,0.0,0,0.0,0,0,12.0,-0.7191978094053102,0,Moderate
Quarter2,finished,Thursday,7,2.9,0.0,0,0.0,0,0,8.0,-0.9342885500568884,0,Moderate
Quarter2,finished,Thursday,11,4.15,0.0,0,0.0,0,0,5.0,-1.095606605545572,0,Low
Quarter2,sewing,Thursday,11,12.52,287.0,38,0.0,0,0,54.0,6.378796632096772,0,Low
Quarter2,sewing,Thursday,5,42.41,724.0,0,0.0,0,0,57.0,1.7005730229249452,0,Low
Quarter2,finished,Saturday,1,3.94,0.0,0,0.0,0,0,8.0,-0.7191978094053102,1,High
Quarter2,finished,Saturday,3,4.15,0.0,0,0.0,0,0,12.0,-0.539955525528995,1,High
Quarter2,finished,Saturday,4,3.94,0.0,0,0.0,0,0,20.0,0.42795280740310715,1,High
Quarter2,finished,Saturday,9,3.94,0.0,0,0.0,0,0,8.0,-0.9342885500568884,1,High
Quarter2,sewing,Saturday,9,26.16,1122.0,75,0.0,0,0,59.0,1.8081183932507343,1,High
Quarter2,sewing,Saturday,7,25.9,970.0,60,0.0,0,0,56.5,1.6736866803434978,1,High
Quarter2,sewing,Saturday,8,25.9,1158.0,60,0.0,0,0,56.5,1.6736866803434978,1,High
Quarter2,finished,Saturday,10,3.94,0.0,0,0.0,0,0,8.0,-0.9342885500568884,1,High
Quarter2,finished,Saturday,11,4.15,0.0,0,0.0,0,0,8.0,-0.9342885500568884,1,High
Quarter2,finished,Saturday,2,3.94,0.0,0,0.0,0,0,8.0,-0.9342885500568884,1,High
Quarter2,sewing,Saturday,4,28.08,660.0,63,0.0,0,0,58.0,1.7543457080878397,1,High
Quarter2,sewing,Saturday,2,28.08,749.0,63,0.0,0,0,57.5,1.7274593655063923,1,High
Quarter2,sewing,Saturday,12,11.61,893.0,50,0.0,0,0,31.5,0.04258189706902948,1,High
Quarter2,sewing,Saturday,6,11.41,887.0,50,0.0,0,0,30.5,0.27559686610823925,1,High
Quarter2,sewing,Saturday,1,26.16,1335.0,63,0.0,0,0,59.0,1.8081183932507343,1,High
Quarter2,sewing,Saturday,10,28.08,1082.0,63,0.0,0,0,58.5,1.781232050669287,1,High
Quarter2,sewing,Saturday,3,19.87,1075.0,45,0.0,0,0,56.0,0.7505889183804746,1,Moderate
Quarter2,sewing,Saturday,11,12.52,749.0,38,0.0,0,0,53.0,1.4854822822733669,1,Moderate
Quarter2,finished,Saturday,7,2.9,0.0,0,0.0,0,0,8.0,-0.9342885500568884,0,Moderate
Quarter2,finished,Saturday,8,2.9,0.0,0,0.0,0,0,8.0,-0.9342885500568884,0,Moderate
Quarter2,sewing,Saturday,5,20.79,966.0,0,0.0,0,0,56.0,0.9298312022567897,0,Low
Quarter2,finished,Saturday,5,4.15,0.0,0,0.0,0,0,8.0,-0.9342885500568884,0,Low
Quarter2,finished,Sunday,3,4.15,0.0,0,0.0,0,0,8.0,-0.9342885500568884,1,High
Quarter2,finished,Sunday,4,3.94,0.0,0,0.0,0,0,20.0,-0.28901632810215366,1,High
Quarter2,sewing,Sunday,9,26.16,1095.0,88,0.0,0,0,59.0,1.8081183932507343,1,High
Quarter2,finished,Sunday,1,3.94,0.0,0,0.0,0,0,8.0,-0.9342885500568884,1,High
Quarter2,finished,Sunday,9,3.94,0.0,0,0.0,0,0,8.0,-0.9342885500568884,1,High
Quarter2,sewing,Sunday,1,26.16,1383.0,75,0.0,0,0,59.0,1.8081183932507343,1,High
Quarter2,sewing,Sunday,7,25.9,1012.0,45,0.0,0,0,56.5,1.6736866803434978,1,High
Quarter2,sewing,Sunday,8,25.9,1209.0,60,0.0,0,0,56.5,1.6736866803434978,1,High
Quarter2,finished,Sunday,10,3.94,0.0,0,0.0,0,0,8.0,-0.9342885500568884,1,High
Quarter2,finished,Sunday,2,3.94,0.0,0,0.0,0,0,8.0,-0.9342885500568884,1,High
Quarter2,sewing,Sunday,6,11.41,887.0,50,0.0,0,0,30.5,0.27559686610823925,1,High
Quarter2,sewing,Sunday,12,11.61,896.0,50,0.0,0,0,31.5,0.3293695512711338,1,High
Quarter2,sewing,Sunday,2,28.08,805.0,63,0.0,0,0,58.5,1.781232050669287,1,High
Quarter2,sewing,Sunday,10,28.08,762.0,38,0.0,0,0,58.5,1.781232050669287,1,High
Quarter2,sewing,Sunday,3,19.87,1043.0,0,0.0,0,0,55.0,0.5534224061165278,0,Moderate
Quarter2,finished,Sunday,11,4.15,0.0,0,0.0,0,0,8.0,-0.9342885500568884,0,Moderate
Quarter2,finished,Sunday,8,2.9,0.0,0,0.0,0,0,8.0,-0.9342885500568884,0,Moderate
Quarter2,finished,Sunday,5,4.15,0.0,0,0.0,0,0,8.0,-0.9342885500568884,1,Moderate
Quarter2,sewing,Sunday,11,12.52,831.0,30,0.0,0,0,53.0,1.4854822822733669,1,Moderate
Quarter2,finished,Sunday,6,2.9,0.0,0,0.0,0,0,8.0,-0.9342885500568884,0,Low
Quarter2,finished,Sunday,7,2.9,0.0,0,0.0,0,0,8.0,-0.9342885500568884,0,Low
Quarter2,sewing,Sunday,4,50.48,562.0,0,0.0,0,0,58.0,1.7543457080878397,0,Low
Quarter2,sewing,Sunday,5,20.79,1208.0,0,0.0,0,0,57.0,1.0194523441949475,0,Low
Quarter2,finished,Monday,1,3.94,0.0,0,0.0,0,0,8.0,-0.9342885500568884,1,High
Quarter2,finished,Monday,4,4.3,0.0,0,0.0,0,0,18.0,-0.39656169842794275,1,High
Quarter2,finished,Monday,3,4.15,0.0,0,0.0,0,0,10.0,-0.8267431797310992,1,High
Quarter2,finished,Monday,2,3.94,0.0,0,0.0,0,0,8.0,-0.9342885500568884,1,High
Quarter2,finished,Monday,9,3.94,0.0,0,0.0,0,0,8.0,-0.9342885500568884,1,High
Quarter2,sewing,Monday,1,26.16,1099.0,75,0.0,0,0,59.0,1.0911492577454733,1,High
Quarter2,sewing,Monday,9,26.16,1093.0,75,0.0,0,0,59.0,1.8081183932507343,1,High
Quarter2,sewing,Monday,7,25.9,1031.0,60,0.0,0,0,56.5,1.6736866803434978,1,High
Quarter2,sewing,Monday,8,25.9,1233.0,60,0.0,0,0,56.5,1.6736866803434978,1,High
Quarter2,finished,Monday,6,2.9,0.0,0,0.0,0,0,8.0,-0.9342885500568884,1,High
Quarter2,finished,Monday,5,4.15,0.0,0,0.0,0,0,8.0,-0.9342885500568884,1,High
Quarter2,sewing,Monday,3,19.87,941.0,0,0.0,0,0,55.0,1.593027652599156,1,High
Quarter2,sewing,Monday,6,11.41,843.0,50,0.0,0,0,31.5,0.3293695512711338,1,High
Quarter2,sewing,Monday,12,11.61,760.0,50,0.0,0,0,31.5,-0.029115016481496604,1,High
Quarter2,sewing,Monday,2,28.08,737.0,63,0.0,0,0,58.5,1.781232050669287,1,High
Quarter2,finished,Monday,8,2.9,0.0,0,0.0,0,0,8.0,-0.9342885500568884,0,Moderate
Quarter2,sewing,Monday,10,50.48,381.0,45,0.0,0,0,58.5,0.7057783474113958,0,Moderate
Quarter2,sewing,Monday,5,20.79,1141.0,0,0.0,0,0,59.0,1.1628461712959994,1,Moderate
Quarter2,sewing,Monday,11,12.52,1004.0,44,0.0,0,0,53.0,1.4854822822733669,0,Moderate
Quarter2,finished,Monday,7,2.9,0.0,0,0.0,0,0,8.0,-0.9342885500568884,0,Moderate
Quarter2,finished,Monday,11,4.15,0.0,0,0.0,0,0,8.0,-0.9342885500568884,0,Moderate
Quarter2,sewing,Monday,4,22.4,581.0,0,0.0,0,0,51.5,0.8312479461248163,1,Low
Quarter2,finished,Monday,10,3.94,0.0,0,0.0,0,0,8.0,-0.9342885500568884,0,Low
Quarter2,finished,Tuesday,4,4.3,0.0,0,0.0,0,0,12.0,-0.7191978094053102,1,High
Quarter2,finished,Tuesday,1,3.94,0.0,0,0.0,0,0,2.0,-0.9342885500568884,1,High
Quarter2,finished,Tuesday,10,3.94,0.0,0,0.0,0,0,20.0,0.24871052352679196,1,High
Quarter2,finished,Tuesday,3,4.15,0.0,0,0.0,0,0,9.0,-0.8805158648939938,1,High
Quarter2,finished,Tuesday,9,3.94,0.0,0,0.0,0,0,8.0,-0.9342885500568884,1,High
Quarter2,sewing,Tuesday,1,26.16,1073.0,75,0.0,0,0,59.0,1.8081183932507343,1,High
Quarter2,sewing,Tuesday,9,26.16,1156.0,75,0.0,0,0,59.0,1.8081183932507343,1,High
Quarter2,sewing,Tuesday,8,25.9,1211.0,60,0.0,0,0,57.0,1.7005730229249452,1,High
Quarter2,sewing,Tuesday,7,25.9,1126.0,60,0.0,0,0,56.5,1.6736866803434978,1,High
Quarter2,finished,Tuesday,5,4.15,0.0,0,0.0,0,0,8.0,-0.9342885500568884,1,High
Quarter2,finished,Tuesday,2,3.94,0.0,0,0.0,0,0,8.0,-0.9342885500568884,1,High
Quarter2,sewing,Tuesday,6,11.61,1004.0,50,0.0,0,0,31.5,0.3293695512711338,1,High
Quarter2,sewing,Tuesday,12,11.61,1063.0,50,0.0,0,0,31.5,0.3293695512711338,1,High
Quarter2,sewing,Tuesday,2,28.08,723.0,50,0.0,0,0,58.5,1.781232050669287,1,High
Quarter2,sewing,Tuesday,3,42.27,465.0,54,0.0,0,0,55.0,1.593027652599156,0,Moderate
Quarter2,finished,Tuesday,8,2.9,0.0,0,0.0,0,0,8.0,-0.9342885500568884,0,Moderate
Quarter2,finished,Tuesday,7,2.9,0.0,0,0.0,0,0,8.0,-0.9342885500568884,0,Moderate
Quarter2,finished,Tuesday,11,4.15,0.0,0,0.0,0,0,8.0,-0.9342885500568884,0,Moderate
Quarter2,sewing,Tuesday,11,27.13,530.0,37,0.0,0,0,53.0,1.4854822822733669,0,Low
Quarter2,sewing,Tuesday,5,20.79,1297.0,0,0.0,0,0,58.0,1.7543457080878397,0,Low
Quarter2,sewing,Tuesday,4,22.4,783.0,23,0.0,0,0,56.5,1.6736866803434978,1,Low
Quarter2,sewing,Tuesday,10,22.4,715.0,23,0.0,0,0,56.5,1.6736866803434978,1,Low
Quarter2,finished,Wednesday,11,4.15,0.0,0,0.0,0,0,7.0,-0.7729704945682047,1,High
Quarter2,finished,Wednesday,4,4.3,0.0,0,0.0,0,0,8.0,-0.5578797539166265,1,High
Quarter2,sewing,Wednesday,7,25.9,1150.0,70,0.0,0,0,56.5,1.6736866803434978,1,High
Quarter2,finished,Wednesday,1,3.94,0.0,0,0.0,0,0,8.0,-0.9342885500568884,1,High
Quarter2,finished,Wednesday,5,4.15,0.0,0,0.0,0,0,15.0,-0.9342885500568884,1,High
Quarter2,finished,Wednesday,9,3.94,0.0,0,0.0,0,0,8.0,-0.9342885500568884,1,High
Quarter2,sewing,Wednesday,9,26.16,1232.0,75,0.0,0,0,59.0,1.8081183932507343,1,High
Quarter2,sewing,Wednesday,8,25.9,1218.0,60,0.0,0,0,56.5,1.6736866803434978,1,High
Quarter2,finished,Wednesday,7,2.9,0.0,0,0.0,0,0,8.0,-0.9342885500568884,1,High
Quarter2,finished,Wednesday,3,4.15,0.0,0,0.0,0,0,7.0,-0.9342885500568884,1,High
Quarter2,sewing,Wednesday,12,11.61,1159.0,50,0.0,0,0,31.5,-0.4772207261722846,1,High
Quarter2,sewing,Wednesday,6,11.61,972.0,38,0.0,0,0,31.5,0.3293695512711338,1,High
Quarter2,sewing,Wednesday,1,26.16,1092.0,63,0.0,0,0,59.0,1.8081183932507343,1,High
Quarter2,sewing,Wednesday,5,20.79,965.0,0,0.0,0,0,58.0,0.8222858319310006,1,Moderate
Quarter2,finished,Wednesday,8,2.9,0.0,0,0.0,0,0,8.0,-0.9342885500568884,0,Moderate
Quarter2,sewing,Wednesday,4,22.4,816.0,23,0.0,0,0,57.0,0.15908938158863437,1,Moderate
Quarter2,sewing,Wednesday,10,22.4,947.0,23,0.0,0,0,56.5,-0.351751127458864,0,Low
Quarter2,sewing,Wednesday,11,14.61,838.0,23,0.0,0,0,55.0,0.7864373751557375,1,Low
Quarter2,finished,Wednesday,10,3.94,0.0,0,0.0,0,0,8.0,-0.988061235219783,0,Low
Quarter2,sewing,Wednesday,2,51.02,1086.0,27,0.0,0,0,57.0,-0.09184981583820692,0,Low
Quarter2,finished,Wednesday,2,3.94,0.0,0,0.0,0,0,8.0,-0.988061235219783,0,Low
Quarter3,finished,Thursday,4,4.3,0.0,0,0.0,0,0,20.0,-0.28901632810215366,1,High
Quarter3,finished,Thursday,10,3.94,0.0,0,0.0,0,0,19.0,-0.34278901326504824,1,High
Quarter3,finished,Thursday,1,3.94,0.0,0,0.0,0,0,8.0,-0.9342885500568884,1,High
Quarter3,finished,Thursday,5,4.15,0.0,0,0.0,0,0,8.0,-0.9342885500568884,1,High
Quarter3,finished,Thursday,9,3.94,0.0,0,0.0,0,0,8.0,-0.9342885500568884,1,High
Quarter3,sewing,Thursday,1,26.16,1160.0,75,0.0,0,0,59.0,1.8081183932507343,1,High
Quarter3,sewing,Thursday,8,25.9,1177.0,60,0.0,0,0,56.5,1.3152021125908675,1,High
Quarter3,sewing,Thursday,7,25.9,1281.0,60,0.0,0,0,56.5,1.6736866803434978,1,High
Quarter3,sewing,Thursday,9,26.16,1369.0,63,0.0,0,0,59.0,1.8081183932507343,1,High
Quarter3,sewing,Thursday,6,11.61,1084.0,38,0.0,0,0,31.5,0.11427881061955555,1,High
Quarter3,sewing,Thursday,12,11.61,1216.0,50,0.0,0,0,31.5,0.11427881061955555,1,High
Quarter3,sewing,Thursday,5,20.79,391.0,0,0.0,0,0,58.0,1.7543457080878397,1,Moderate
Quarter3,finished,Thursday,7,2.9,0.0,0,0.0,0,0,8.0,-0.9342885500568884,0,Moderate
Quarter3,sewing,Thursday,3,22.52,1102.0,30,0.0,0,0,56.5,1.6736866803434978,1,Moderate
Quarter3,sewing,Thursday,4,22.52,872.0,26,0.0,0,0,56.0,1.6468003377620506,1,Moderate
Quarter3,finished,Thursday,8,2.9,0.0,0,0.0,0,0,8.0,-0.9342885500568884,0,Moderate
Quarter3,sewing,Thursday,10,22.52,1076.0,23,0.0,0,0,56.5,1.6736866803434978,1,Moderate
Quarter3,sewing,Thursday,11,14.89,917.0,30,0.0,0,0,55.0,1.593027652599156,1,Low
Quarter3,sewing,Thursday,2,22.94,1044.0,23,0.0,0,0,54.5,1.5661413100177086,0,Low
Quarter3,finished,Saturday,5,4.15,0.0,0,0.0,0,0,15.0,-0.5578797539166265,1,High
Quarter3,finished,Saturday,2,3.94,0.0,0,0.0,0,0,10.0,-0.8267431797310992,1,High
Quarter3,finished,Saturday,10,3.94,0.0,0,0.0,0,0,8.0,-0.9342885500568884,1,High
Quarter3,finished,Saturday,1,3.94,0.0,0,0.0,0,0,8.0,-0.9342885500568884,1,High
Quarter3,finished,Saturday,9,3.94,0.0,0,0.0,0,0,10.0,-0.8267431797310992,1,High
Quarter3,sewing,Saturday,6,11.41,1067.0,63,0.0,0,0,30.5,0.27559686610823925,1,High
Quarter3,sewing,Saturday,12,11.61,1039.0,63,0.0,0,0,31.5,0.3293695512711338,1,High
Quarter3,sewing,Saturday,7,25.9,1396.0,50,0.0,0,0,56.5,1.6736866803434978,1,High
Quarter3,sewing,Saturday,8,25.9,1292.0,50,0.0,0,0,56.5,1.6736866803434978,1,High
Quarter3,sewing,Saturday,1,48.68,171.0,63,0.0,0,0,59.0,1.8081183932507343,1,High
Quarter3,sewing,Saturday,9,26.16,1128.0,63,0.0,0,0,59.0,1.8081183932507343,1,High
Quarter3,sewing,Saturday,2,22.94,865.0,23,0.0,0,0,56.5,0.5982329770856066,1,Moderate
Quarter3,sewing,Saturday,4,22.52,825.0,50,0.0,0,0,56.5,1.6736866803434978,1,Moderate
Quarter3,finished,Saturday,8,2.9,0.0,0,0.0,0,0,8.0,-0.9342885500568884,0,Moderate
Quarter3,finished,Saturday,7,2.9,0.0,0,0.0,0,0,8.0,-0.9342885500568884,0,Moderate
Quarter3,sewing,Saturday,10,22.52,1163.0,35,0.0,0,0,54.0,1.5392549674362614,1,Moderate
Quarter3,sewing,Saturday,3,22.52,1140.0,30,0.0,0,0,56.5,1.6736866803434978,1,Moderate
Quarter3,sewing,Saturday,11,14.89,1027.0,38,0.0,0,0,56.0,1.6468003377620506,1,Moderate
Quarter3,finished,Saturday,6,2.9,0.0,0,0.0,0,0,5.0,-1.095606605545572,0,Low
Quarter3,sewing,Saturday,5,41.19,1052.0,21,0.0,0,0,58.0,1.7543457080878397,0,Low
Quarter3,finished,Saturday,11,4.15,0.0,0,0.0,0,0,7.0,-0.988061235219783,0,Low
Quarter3,finished,Sunday,5,4.15,0.0,0,0.0,0,0,8.0,-0.9342885500568884,1,High
Quarter3,finished,Sunday,11,4.15,0.0,0,0.0,0,0,12.0,-0.7191978094053102,1,High
Quarter3,finished,Sunday,6,2.9,0.0,0,0.0,0,0,10.0,-0.8267431797310992,1,High
Quarter3,sewing,Sunday,6,11.41,1140.0,63,0.0,0,0,30.5,0.27559686610823925,1,High
Quarter3,sewing,Sunday,7,48.84,624.0,50,0.0,0,0,56.5,1.6736866803434978,1,High
Quarter3,sewing,Sunday,8,25.9,1288.0,38,0.0,0,0,56.5,1.6736866803434978,1,High
Quarter3,sewing,Sunday,9,26.16,1381.0,50,0.0,0,0,59.0,-0.27109209971452214,1,High
Quarter3,sewing,Sunday,4,22.52,882.0,50,0.0,0,0,56.5,1.6736866803434978,1,Moderate
Quarter3,sewing,Sunday,10,22.52,1002.0,40,0.0,0,0,56.0,1.6468003377620506,1,Moderate
Quarter3,finished,Sunday,7,2.9,0.0,0,0.0,0,0,8.0,-0.9342885500568884,0,Moderate
Quarter3,sewing,Sunday,12,26.87,585.0,56,0.0,0,0,31.5,0.3293695512711338,0,Moderate
Quarter3,sewing,Sunday,3,22.52,1138.0,35,0.0,0,0,56.5,1.6736866803434978,1,Moderate
Quarter3,sewing,Sunday,11,14.89,1140.0,44,0.0,0,0,57.0,1.7005730229249452,1,Moderate
Quarter3,sewing,Sunday,2,22.94,1025.0,26,0.0,0,0,56.5,1.6736866803434978,1,Moderate
Quarter3,finished,Sunday,8,2.9,0.0,0,0.0,0,0,8.0,-0.9342885500568884,0,Moderate
Quarter3,sewing,Sunday,5,20.4,1031.0,30,0.0,0,0,58.0,1.7543457080878397,1,Moderate
Quarter3,finished,Sunday,9,3.94,0.0,0,0.0,0,0,10.0,-0.8267431797310992,0,Low
Quarter3,sewing,Sunday,1,49.1,1381.0,24,0.0,0,0,57.5,1.7274593655063923,0,Low
Quarter3,finished,Sunday,10,3.94,0.0,0,0.0,0,0,8.0,-0.9342885500568884,0,Low
Quarter3,finished,Monday,4,4.3,0.0,0,0.0,0,0,28.0,0.14116515320100284,1,High
Quarter3,finished,Monday,9,3.94,0.0,0,0.0,0,0,10.0,-0.8267431797310992,1,High
Quarter3,finished,Monday,5,4.15,0.0,0,0.0,0,0,8.0,-0.9342885500568884,1,High
Quarter3,sewing,Monday,6,11.41,1028.0,50,0.0,0,0,31.0,-0.05600135906294389,1,High
Quarter3,sewing,Monday,8,25.9,1380.0,50,0.0,0,0,56.5,-0.2800542139083379,1,High
Quarter3,sewing,Monday,9,26.16,1196.0,63,0.0,0,0,59.0,1.8081183932507343,1,High
Quarter3,finished,Monday,12,2.9,0.0,0,0.0,0,0,8.0,-0.9342885500568884,0,Moderate
Quarter3,sewing,Monday,2,22.94,1006.0,38,0.0,0,0,56.5,1.6736866803434978,1,Moderate
Quarter3,sewing,Monday,4,22.52,930.0,63,0.0,0,0,57.0,1.7005730229249452,1,Moderate
Quarter3,sewing,Monday,3,22.52,1095.0,50,0.0,0,0,56.5,1.6736866803434978,1,Moderate
Quarter3,sewing,Monday,10,22.52,938.0,63,0.0,0,0,56.0,1.6468003377620506,1,Moderate
Quarter3,sewing,Monday,11,14.89,1484.0,50,0.0,0,0,57.0,1.7005730229249452,1,Moderate
Quarter3,finished,Monday,8,2.9,0.0,0,0.0,0,0,8.0,-0.9342885500568884,0,Moderate
Quarter3,sewing,Monday,5,20.4,1255.0,35,0.0,0,0,58.0,1.1090734861331049,1,Moderate
Quarter3,sewing,Monday,7,48.84,1040.0,30,0.0,0,0,57.0,1.7005730229249452,0,Low
Quarter3,sewing,Monday,1,22.94,1492.0,30,0.0,0,0,56.5,1.6736866803434978,1,Low
Quarter3,finished,Monday,10,3.94,0.0,0,0.0,0,0,8.0,-0.9342885500568884,0,Low
Quarter3,finished,Monday,11,4.15,0.0,0,0.0,0,0,8.0,-0.9342885500568884,0,Low
Quarter3,sewing,Monday,12,15.26,1111.0,23,0.0,0,0,34.0,0.4638012641783702,1,Low
Quarter3,finished,Tuesday,5,4.15,0.0,0,0.0,0,0,8.0,-0.9342885500568884,1,High
Quarter3,sewing,Tuesday,6,11.41,1047.0,63,0.0,0,0,31.0,0.30248320868968653,1,High
Quarter3,sewing,Tuesday,8,25.9,1434.0,50,0.0,0,0,56.5,1.6736866803434978,1,High
Quarter3,sewing,Tuesday,9,26.16,399.0,63,0.0,0,0,59.0,1.8081183932507343,1,High
Quarter3,sewing,Tuesday,4,22.52,983.0,63,0.0,0,0,57.0,1.7005730229249452,1,Moderate
Quarter3,sewing,Tuesday,10,22.52,1108.0,63,0.0,0,0,56.0,1.6468003377620506,1,Moderate
Quarter3,sewing,Tuesday,3,22.52,1134.0,50,0.0,0,0,57.0,1.1628461712959994,1,Moderate
Quarter3,sewing,Tuesday,2,22.94,1363.0,50,0.0,0,0,57.0,1.7005730229249452,1,Moderate
Quarter3,finished,Tuesday,9,3.94,0.0,0,0.0,0,0,10.0,-0.8267431797310992,0,Moderate
Quarter3,sewing,Tuesday,11,14.89,1501.0,50,0.0,0,0,57.0,1.7005730229249452,1,Moderate
Quarter3,sewing,Tuesday,5,20.4,1352.0,50,0.0,0,0,57.0,1.7005730229249452,1,Moderate
Quarter3,finished,Tuesday,8,2.9,0.0,0,0.0,0,0,8.0,-0.9342885500568884,0,Moderate
Quarter3,sewing,Tuesday,12,15.26,1352.0,23,0.0,0,0,34.0,-0.2531678713268906,1,Low
Quarter3,sewing,Tuesday,7,22.94,1450.0,30,0.0,0,0,56.0,1.6468003377620506,1,Low
Quarter3,finished,Tuesday,11,4.15,0.0,0,0.0,0,0,15.0,-0.5578797539166265,0,Low
Quarter3,finished,Wednesday,4,4.3,0.0,0,0.0,0,0,20.0,0.42795280740310715,1,High
Quarter3,finished,Wednesday,2,3.94,0.0,0,0.0,0,0,17.0,0.15908938158863437,1,High
Quarter3,sewing,Wednesday,4,22.52,825.0,94,0.0,0,0,56.0,1.6468003377620506,1,High
Quarter3,sewing,Wednesday,6,11.61,916.0,75,0.0,0,0,89.0,0.3562558938525811,1,High
Quarter3,finished,Wednesday,9,3.94,0.0,0,0.0,0,0,8.0,-0.6475008958547841,1,High
Quarter3,sewing,Wednesday,8,25.9,562.0,38,0.0,0,0,56.5,0.8670964029000794,1,High
Quarter3,sewing,Wednesday,2,22.94,1422.0,60,0.0,0,0,57.0,1.7722699364754713,1,High
Quarter3,sewing,Wednesday,10,22.52,1206.0,75,0.0,0,0,56.0,1.6468003377620506,1,High
Quarter3,finished,Wednesday,5,4.15,0.0,0,0.0,0,0,8.0,-0.6475008958547841,1,Moderate
Quarter3,sewing,Wednesday,5,20.4,1404.0,50,0.0,0,0,58.0,1.7543457080878397,1,Moderate
Quarter3,sewing,Wednesday,3,22.52,1139.0,63,0.0,0,0,57.0,1.7005730229249452,1,Moderate
Quarter3,sewing,Wednesday,11,14.89,1735.0,50,0.0,0,0,57.0,1.7005730229249452,1,Moderate
Quarter3,sewing,Wednesday,1,22.94,1595.0,34,0.0,0,0,57.0,1.7005730229249452,1,Moderate
Quarter3,sewing,Wednesday,12,15.26,1245.0,23,0.0,0,0,34.0,0.5354981777288963,1,Moderate
Quarter3,finished,Wednesday,8,2.9,0.0,0,0.0,0,0,8.0,-0.6475008958547841,0,Low
Quarter3,sewing,Wednesday,9,54.56,757.0,29,0.0,0,0,58.0,-0.12769827261346997,0,Low
Quarter3,finished,Wednesday,1,3.94,0.0,0,0.0,0,0,8.0,-0.6475008958547841,0,Low
Quarter3,sewing,Wednesday,7,22.52,1720.0,23,0.0,0,0,56.0,1.6468003377620506,1,Low
Quarter3,finished,Wednesday,11,4.15,0.0,0,0.0,0,0,9.0,-0.5578797539166265,0,Low
Quarter4,finished,Thursday,7,3.94,0.0,0,0.0,0,0,10.0,0.42795280740310715,1,High
Quarter4,finished,Thursday,10,3.94,0.0,0,0.0,0,0,14.0,1.144921942908368,1,High
Quarter4,sewing,Thursday,4,22.52,759.0,81,0.0,0,0,56.0,1.6468003377620506,1,High
Quarter4,sewing,Thursday,2,22.94,1510.0,60,0.0,0,0,57.0,1.8081183932507343,1,High
Quarter4,sewing,Thursday,6,11.61,955.0,63,0.0,0,0,32.0,0.5354981777288963,1,High
Quarter4,sewing,Thursday,10,22.52,1328.0,55,0.0,0,0,56.0,1.6468003377620506,1,High
Quarter4,sewing,Thursday,1,22.94,1384.0,63,0.0,0,0,57.0,2.2741483313291537,1,Moderate
Quarter4,sewing,Thursday,3,22.52,1244.0,63,0.0,0,0,57.0,1.7005730229249452,1,Moderate
Quarter4,finished,Thursday,5,4.15,0.0,0,0.0,0,0,15.0,1.3241642267846832,1,Moderate
Quarter4,sewing,Thursday,5,20.4,1480.0,40,0.0,0,0,58.0,1.7543457080878397,1,Moderate
Quarter4,sewing,Thursday,11,14.89,1863.0,50,0.0,0,0,57.0,1.7005730229249452,1,Moderate
Quarter4,finished,Thursday,4,4.3,0.0,0,0.0,0,0,15.0,1.3241642267846832,0,Moderate
Quarter4,finished,Thursday,1,3.94,0.0,0,0.0,0,0,25.0,3.116587065547835,0,Moderate
Quarter4,finished,Thursday,2,3.94,0.0,0,0.0,0,0,25.0,3.116587065547835,0,Moderate
Quarter4,finished,Thursday,6,2.9,0.0,0,0.0,0,0,8.0,0.06946823965047676,0,Moderate
Quarter4,sewing,Thursday,12,15.26,1492.0,23,0.0,0,0,34.0,0.7147404616052115,1,Moderate
Quarter4,sewing,Thursday,7,22.52,1859.0,23,0.0,0,0,57.0,1.7005730229249452,1,Moderate
Quarter4,sewing,Thursday,8,40.99,980.0,30,0.0,0,0,56.5,1.852928964219813,0,Low
Quarter4,sewing,Thursday,9,29.12,970.0,30,0.0,0,0,58.0,1.7543457080878397,1,Low
Quarter4,finished,Thursday,3,3.94,0.0,0,0.0,0,0,20.0,2.2203756461662594,0,Low
Quarter4,finished,Thursday,8,2.9,0.0,0,0.0,0,0,8.0,0.06946823965047676,0,Low
Quarter4,finished,Thursday,12,4.08,0.0,0,0.0,0,0,9.0,0.24871052352679196,0,Low
Quarter4,finished,Saturday,5,4.15,0.0,0,0.0,0,0,15.0,-0.5578797539166265,1,High
Quarter4,finished,Saturday,10,3.94,0.0,0,0.0,0,0,10.0,-0.8267431797310992,1,High
Quarter4,finished,Saturday,8,2.9,0.0,0,0.0,0,0,9.0,-0.8805158648939938,1,High
Quarter4,sewing,Saturday,2,22.94,1606.0,94,0.0,0,0,57.0,1.7005730229249452,1,High
Quarter4,sewing,Saturday,4,22.52,727.0,94,0.0,0,0,57.0,1.7005730229249452,1,High
Quarter4,finished,Saturday,11,4.15,0.0,0,0.0,0,0,10.0,-0.8267431797310992,1,High
Quarter4,finished,Saturday,3,3.94,0.0,0,0.0,0,0,8.0,-0.9342885500568884,1,High
Quarter4,finished,Saturday,7,3.94,0.0,0,0.0,0,0,12.0,-0.7191978094053102,1,High
Quarter4,finished,Saturday,12,4.08,0.0,0,0.0,0,0,9.0,-0.8805158648939938,1,High
Quarter4,sewing,Saturday,1,22.94,1472.0,75,0.0,0,0,57.0,1.7005730229249452,1,High
Quarter4,sewing,Saturday,10,22.52,1332.0,69,0.0,0,0,56.0,1.6468003377620506,1,High
Quarter4,sewing,Saturday,6,11.61,1009.0,63,0.0,0,0,32.0,0.32040743707731806,1,High
Quarter4,sewing,Saturday,3,22.52,1266.0,69,0.0,0,0,57.0,1.7005730229249452,1,High
Quarter4,sewing,Saturday,12,15.26,1316.0,40,0.0,0,0,34.0,0.4638012641783702,1,Moderate
Quarter4,sewing,Saturday,11,42.97,1282.0,56,0.0,0,0,57.0,1.7005730229249452,1,Moderate
Quarter4,sewing,Saturday,5,20.4,1382.0,50,0.0,0,0,58.0,1.7543457080878397,1,Moderate
Quarter4,finished,Saturday,4,4.3,0.0,0,0.0,0,0,12.0,-0.7191978094053102,0,Moderate
Quarter4,sewing,Saturday,7,22.52,1295.0,26,0.0,0,0,56.5,1.6736866803434978,1,Moderate
Quarter4,sewing,Saturday,9,29.12,925.0,23,0.0,0,0,58.0,0.6251193196670539,1,Moderate
Quarter4,finished,Saturday,2,3.94,0.0,0,0.0,0,0,8.0,-0.9342885500568884,0,Low
Quarter4,finished,Saturday,1,3.94,0.0,0,0.0,0,0,8.0,-0.9342885500568884,0,Low
Quarter4,sewing,Saturday,8,15.09,1448.0,23,0.0,0,0,52.0,1.4317095971104723,0,Low
Quarter4,finished,Saturday,9,3.94,0.0,0,0.0,0,0,8.0,-0.9342885500568884,0,Low
Quarter4,finished,Sunday,5,4.15,0.0,0,0.0,0,0,17.0,-0.45033438359083733,1,High
Quarter4,finished,Sunday,2,3.94,0.0,0,0.0,0,0,8.0,-0.9342885500568884,1,High
Quarter4,finished,Sunday,1,3.94,0.0,0,0.0,0,0,8.0,-0.9342885500568884,1,High
Quarter4,finished,Sunday,3,3.94,0.0,0,0.0,0,0,9.0,-0.8805158648939938,1,High
Quarter4,finished,Sunday,10,3.94,0.0,0,0.0,0,0,19.0,-0.34278901326504824,1,High
Quarter4,finished,Sunday,4,4.3,0.0,0,0.0,0,0,12.0,-0.7191978094053102,1,High
Quarter4,sewing,Sunday,4,22.52,867.0,94,0.0,0,0,57.0,1.7005730229249452,1,High
Quarter4,sewing,Sunday,2,22.94,1636.0,81,0.0,0,0,58.5,1.781232050669287,1,High
Quarter4,sewing,Sunday,1,22.94,1682.0,75,0.0,0,0,58.5,1.781232050669287,1,High
Quarter4,sewing,Sunday,3,22.52,1495.0,55,0.0,0,0,57.5,1.7274593655063923,1,High
Quarter4,sewing,Sunday,6,11.61,1181.0,63,0.0,0,0,32.0,0.3562558938525811,1,High
Quarter4,sewing,Sunday,10,22.52,1413.0,69,0.0,0,0,56.0,1.6468003377620506,1,High
Quarter4,finished,Sunday,7,3.94,0.0,0,0.0,0,0,14.0,-0.611652439079521,1,Moderate
Quarter4,sewing,Sunday,7,22.52,360.0,40,0.0,0,0,56.5,1.6736866803434978,1,Moderate
Quarter4,sewing,Sunday,12,15.26,1296.0,40,0.0,0,0,34.0,0.4638012641783702,1,Moderate
Quarter4,sewing,Sunday,5,20.4,1217.0,50,0.0,0,0,58.0,1.7543457080878397,1,Moderate
Quarter4,sewing,Sunday,9,29.12,1086.0,26,0.0,0,0,58.0,1.7543457080878397,1,Moderate
Quarter4,finished,Sunday,12,4.08,0.0,0,0.0,0,0,9.0,-0.8805158648939938,0,Moderate
Quarter4,sewing,Sunday,11,42.97,532.0,40,0.0,0,0,57.0,1.7005730229249452,0,Low
Quarter4,sewing,Sunday,8,15.09,1557.0,23,0.0,0,0,52.0,-1.1493792907084666,1,Low
Quarter4,finished,Sunday,8,2.9,0.0,0,0.0,0,0,4.0,-1.1493792907084666,0,Low
Quarter4,finished,Monday,3,3.94,0.0,0,0.0,0,0,10.0,-0.8267431797310992,1,High
Quarter4,finished,Monday,10,3.94,0.0,0,0.0,0,0,21.0,-0.2352436429392591,1,High
Quarter4,finished,Monday,4,4.3,0.0,0,0.0,0,0,12.0,-0.7191978094053102,1,High
Quarter4,finished,Monday,5,4.15,0.0,0,0.0,0,0,15.0,-0.5578797539166265,1,High
Quarter4,finished,Monday,2,3.94,0.0,0,0.0,0,0,10.0,-0.8267431797310992,1,High
Quarter4,finished,Monday,1,3.94,0.0,0,0.0,0,0,10.0,-0.8267431797310992,1,High
Quarter4,sewing,Monday,4,22.52,1016.0,60,0.0,0,0,56.5,1.6736866803434978,1,High
Quarter4,sewing,Monday,6,11.61,1072.0,50,0.0,0,0,32.0,0.3562558938525811,1,High
Quarter4,sewing,Monday,3,22.52,1584.0,69,0.0,0,0,57.0,1.7005730229249452,1,High
Quarter4,sewing,Monday,2,22.94,1764.0,55,0.0,0,0,57.0,1.7005730229249452,1,High
Quarter4,sewing,Monday,1,22.94,1745.0,60,0.0,0,0,58.0,1.7543457080878397,1,High
Quarter4,sewing,Monday,10,22.52,1250.0,55,0.0,0,0,56.0,1.6468003377620506,1,High
Quarter4,finished,Monday,12,4.08,0.0,0,0.0,0,0,9.0,-0.8805158648939938,1,Moderate
Quarter4,sewing,Monday,5,20.4,1118.0,56,0.0,0,0,58.0,1.7184972513125767,1,Moderate
Quarter4,sewing,Monday,9,29.12,1143.0,40,0.0,0,0,58.0,1.7543457080878397,1,Moderate
Quarter4,sewing,Monday,12,15.26,1337.0,40,0.0,0,0,34.0,0.4638012641783702,1,Moderate
Quarter4,finished,Monday,7,3.94,0.0,0,0.0,0,0,8.0,-0.9342885500568884,0,Moderate
Quarter4,sewing,Monday,8,15.09,1519.0,23,0.0,0,0,52.0,-1.2569246610342557,1,Moderate
Quarter4,sewing,Monday,11,28.08,749.0,23,0.0,0,0,57.0,1.7005730229249452,1,Low
Quarter4,sewing,Tuesday,2,22.52,1635.0,119,0.0,0,0,57.0,0.6788920048299485,1,High
Quarter4,sewing,Tuesday,3,22.52,1299.0,119,0.0,0,0,57.0,0.6788920048299485,1,High
Quarter4,finished,Tuesday,10,3.94,0.0,0,0.0,0,0,12.0,-0.9342885500568884,1,High
Quarter4,finished,Tuesday,4,4.3,0.0,0,0.0,0,0,12.0,-0.9342885500568884,1,High
Quarter4,finished,Tuesday,5,4.15,0.0,0,0.0,0,0,12.0,-0.9342885500568884,1,High
Quarter4,sewing,Tuesday,10,22.52,1134.0,70,0.0,0,0,56.0,0.6430435480546854,1,High
Quarter4,finished,Tuesday,3,3.94,0.0,0,0.0,0,0,12.0,-0.9342885500568884,1,High
Quarter4,sewing,Tuesday,4,22.52,1106.0,60,0.0,0,0,56.5,0.660967776442317,1,High
Quarter4,finished,Tuesday,8,3.94,0.0,0,0.0,0,0,8.0,-1.0776823771579405,1,High
Quarter4,finished,Tuesday,12,4.15,0.0,0,0.0,0,0,9.0,-1.0418339203826774,1,High
Quarter4,finished,Tuesday,7,4.15,0.0,0,0.0,0,0,8.0,-1.0776823771579405,1,High
Quarter4,sewing,Tuesday,1,22.94,1871.0,55,0.0,0,0,58.0,0.7147404616052115,1,High
Quarter4,finished,Tuesday,2,3.94,0.0,0,0.0,0,0,10.0,-1.0059854636074144,1,Moderate
Quarter4,finished,Tuesday,1,3.94,0.0,0,0.0,0,0,10.0,-1.0059854636074144,1,Moderate
Quarter4,sewing,Tuesday,9,29.12,1294.0,50,0.0,0,0,58.0,0.7147404616052115,1,Moderate
Quarter4,sewing,Tuesday,12,15.26,1462.0,40,0.0,0,0,34.0,-0.1456225010011015,1,Moderate
Quarter4,sewing,Tuesday,8,15.09,976.0,23,0.0,0,0,52.0,-1.2927731178095188,1,Moderate
Quarter4,sewing,Tuesday,6,30.4,338.0,34,0.0,0,0,32.0,-0.21731941455162757,0,Moderate
Quarter4,finished,Tuesday,6,2.9,0.0,0,0.0,0,0,8.0,-1.0776823771579405,0,Moderate
Quarter4,sewing,Tuesday,5,20.79,1455.0,30,0.0,0,0,58.0,0.7147404616052115,1,Low
Quarter4,sewing,Tuesday,11,48.18,1282.0,23,0.0,0,0,54.0,0.5713466345041593,0,Low
Quarter4,sewing,Wednesday,2,22.52,1559.0,90,0.0,0,0,57.0,0.6788920048299485,1,High
Quarter4,sewing,Wednesday,3,22.52,1350.0,113,0.0,0,0,57.0,0.6788920048299485,1,High
Quarter4,finished,Wednesday,6,2.9,0.0,0,0.0,0,0,15.0,-0.8267431797310992,1,High
Quarter4,finished,Wednesday,1,3.94,0.0,0,0.0,0,0,10.0,-1.0059854636074144,1,High
Quarter4,finished,Wednesday,2,3.94,0.0,0,0.0,0,0,15.0,-0.8267431797310992,1,High
Quarter4,sewing,Wednesday,10,22.52,1175.0,60,0.0,0,0,56.0,0.6430435480546854,1,High
Quarter4,sewing,Wednesday,1,22.94,1868.0,81,0.0,0,0,58.0,0.7147404616052115,1,High
Quarter4,finished,Wednesday,10,3.94,0.0,0,0.0,0,0,10.0,-1.0059854636074144,1,High
Quarter4,sewing,Wednesday,5,20.79,1045.0,88,0.0,0,0,58.0,0.7147404616052115,1,High
Quarter4,sewing,Wednesday,4,22.52,1342.0,50,0.0,0,0,56.5,0.660967776442317,1,High
Quarter4,finished,Wednesday,12,4.08,0.0,0,0.0,0,0,9.0,-1.0418339203826774,1,Moderate
Quarter4,sewing,Wednesday,9,29.12,1340.0,63,0.0,0,0,58.0,0.7147404616052115,1,Moderate
Quarter4,sewing,Wednesday,12,15.26,1429.0,45,0.0,0,0,35.0,-0.28901632810215366,1,Moderate
Quarter4,finished,Wednesday,4,4.3,0.0,0,0.0,0,0,12.0,-0.9342885500568884,0,Moderate
Quarter4,finished,Wednesday,8,4.15,0.0,0,0.0,0,0,8.0,-1.0776823771579405,0,Low
Quarter4,sewing,Wednesday,11,20.1,1413.0,46,0.0,0,0,54.0,0.39210435062784416,1,Low
Quarter4,sewing,Wednesday,8,38.09,336.0,0,0.0,0,0,52.0,0.49964972095363325,0,Low
Quarter4,sewing,Wednesday,6,18.79,511.0,23,0.0,0,0,32.0,-0.8267431797310992,1,Low
Quarter4,finished,Wednesday,7,3.94,0.0,0,0.0,0,0,8.0,-1.0776823771579405,0,Low
Quarter4,sewing,Wednesday,7,23.54,958.0,0,0.0,0,0,55.0,0.6071950912794224,0,Low
Quarter4,finished,Wednesday,11,2.9,0.0,0,0.0,0,0,8.0,-1.0776823771579405,0,Low
Quarter5,sewing,Thursday,2,22.52,1416.0,113,0.0,0,0,57.0,0.6788920048299485,1,High
Quarter5,finished,Thursday,4,4.3,0.0,0,0.0,0,0,10.0,-1.0059854636074144,1,High
Quarter5,sewing,Thursday,3,22.52,1287.0,100,0.0,0,0,57.0,0.6788920048299485,1,High
Quarter5,sewing,Thursday,4,22.52,1444.0,88,0.0,0,0,57.5,0.69681623321758,1,High
Quarter5,sewing,Thursday,10,22.52,1088.0,88,0.0,0,0,56.0,0.6430435480546854,1,High
Quarter5,finished,Thursday,6,2.9,0.0,0,0.0,0,0,10.0,-1.0059854636074144,1,High
Quarter5,finished,Thursday,8,4.15,0.0,0,0.0,0,0,8.0,-1.0776823771579405,1,High
Quarter5,finished,Thursday,11,2.9,0.0,0,0.0,0,0,8.0,-1.0776823771579405,1,High
Quarter5,finished,Thursday,10,3.94,0.0,0,0.0,0,0,10.0,-1.0059854636074144,1,High
Quarter5,finished,Thursday,1,3.94,0.0,0,0.0,0,0,10.0,-1.0059854636074144,1,High
Quarter5,sewing,Thursday,1,22.94,1579.0,81,0.0,0,0,58.0,0.7147404616052115,1,High
Quarter5,sewing,Thursday,9,29.12,1170.0,53,0.0,0,0,58.0,0.7147404616052115,1,High
Quarter5,sewing,Thursday,5,20.79,1015.0,81,0.0,0,0,59.0,0.7505889183804746,1,High
Quarter5,finished,Thursday,2,3.94,0.0,0,0.0,0,0,10.0,-1.0059854636074144,0,Moderate
Quarter5,sewing,Thursday,12,15.26,1436.0,45,0.0,0,0,35.0,-0.10977404422583845,1,Moderate
Quarter5,finished,Thursday,12,4.08,0.0,0,0.0,0,0,9.0,-1.0418339203826774,0,Moderate
Quarter5,sewing,Thursday,11,20.1,1601.0,46,0.0,0,0,51.0,-0.07392558745057541,1,Moderate
Quarter5,sewing,Thursday,6,18.79,717.0,23,0.0,0,0,33.0,-0.18147095777636452,1,Low
Quarter5,finished,Thursday,3,3.94,0.0,0,0.0,0,0,8.0,-1.0776823771579405,0,Low
Quarter5,sewing,Thursday,7,23.54,830.0,0,0.0,0,0,55.0,0.6071950912794224,0,Low
Quarter5,sewing,Saturday,3,22.52,1136.0,113,0.0,0,0,58.0,0.7147404616052115,1,High
Quarter5,sewing,Saturday,2,22.52,1397.0,113,0.0,0,0,57.0,0.6788920048299485,1,High
Quarter5,finished,Saturday,2,3.94,0.0,0,0.0,0,0,10.0,-1.0059854636074144,1,High
Quarter5,finished,Saturday,3,3.94,0.0,0,0.0,0,0,8.0,-1.0776823771579405,1,High
Quarter5,finished,Saturday,4,3.94,0.0,0,0.0,0,0,10.0,-1.0059854636074144,1,High
Quarter5,finished,Saturday,10,3.94,0.0,0,0.0,0,0,10.0,-1.0059854636074144,1,High
Quarter5,finished,Saturday,1,3.94,0.0,0,0.0,0,0,15.0,-0.8267431797310992,1,High
Quarter5,finished,Saturday,9,3.94,0.0,0,0.0,0,0,2.0,-1.2927731178095188,1,High
Quarter5,finished,Saturday,12,4.08,0.0,0,0.0,0,0,9.0,-1.0418339203826774,1,High
Quarter5,finished,Saturday,5,3.94,0.0,0,0.0,0,0,2.0,-1.2927731178095188,1,High
Quarter5,finished,Saturday,7,3.94,0.0,0,0.0,0,0,10.0,-1.0059854636074144,1,High
Quarter5,finished,Saturday,8,3.94,0.0,0,0.0,0,0,8.0,-1.0776823771579405,1,High
Quarter5,finished,Saturday,11,3.94,0.0,0,0.0,0,0,5.0,-1.1852277474837296,1,High
Quarter5,finished,Saturday,6,3.94,0.0,0,0.0,0,0,10.0,-1.0059854636074144,1,High
Quarter5,sewing,Saturday,10,22.52,1116.0,93,0.0,0,0,56.0,0.6430435480546854,1,High
Quarter5,sewing,Saturday,4,22.52,1432.0,88,0.0,0,0,57.5,0.6251193196670539,1,High
Quarter5,sewing,Saturday,9,29.12,1082.0,81,0.0,0,0,57.0,0.6788920048299485,1,High
Quarter5,sewing,Saturday,1,22.94,1502.0,81,0.0,0,0,58.0,0.7147404616052115,1,High
Quarter5,sewing,Saturday,12,15.26,1209.0,45,0.0,0,0,35.0,-0.10977404422583845,1,Moderate
Quarter5,sewing,Saturday,5,50.89,282.0,56,0.0,0,0,59.0,0.39210435062784416,0,Moderate
Quarter5,sewing,Saturday,11,20.1,1417.0,49,0.0,0,0,54.0,0.5713466345041593,1,Moderate
Quarter5,sewing,Saturday,6,18.79,799.0,23,0.0,0,0,33.0,-0.18147095777636452,1,Moderate
Quarter5,sewing,Saturday,7,23.54,1109.0,0,0.0,0,0,56.0,0.6430435480546854,0,Low
Quarter5,sewing,Saturday,8,23.54,1144.0,0,0.0,0,0,54.0,0.5713466345041593,0,Low
Quarter1,finished,Sunday,8,4.15,0.0,0,0.0,0,0,8.0,-1.0776823771579405,1,High
Quarter1,sewing,Sunday,2,22.52,1396.0,113,0.0,0,0,57.5,0.69681623321758,1,High
Quarter1,sewing,Sunday,1,22.94,1582.0,113,0.0,0,0,58.5,-0.45033438359083733,1,High
Quarter1,finished,Sunday,1,3.94,0.0,0,0.0,0,0,19.0,-0.6833493526300471,1,High
Quarter1,sewing,Sunday,3,22.52,1124.0,100,0.0,0,0,57.0,0.6788920048299485,1,High
Quarter1,finished,Sunday,2,3.94,0.0,0,0.0,0,0,10.0,-1.0059854636074144,1,High
Quarter1,finished,Sunday,7,3.94,0.0,0,0.0,0,0,18.0,-0.7191978094053102,1,High
Quarter1,finished,Sunday,10,3.94,0.0,0,0.0,0,0,10.0,-1.0059854636074144,1,High
Quarter1,sewing,Sunday,10,22.52,1282.0,75,0.0,0,0,56.0,0.6430435480546854,1,High
Quarter1,sewing,Sunday,4,22.52,1472.0,60,0.0,0,0,58.5,0.7326646899928431,1,High
Quarter1,finished,Sunday,4,4.3,0.0,0,0.0,0,0,12.0,-0.9342885500568884,1,High
Quarter1,sewing,Sunday,9,29.12,1282.0,45,0.0,0,0,58.0,0.7147404616052115,1,Moderate
Quarter1,sewing,Sunday,12,15.26,1276.0,45,0.0,0,0,35.0,-0.9342885500568884,1,Moderate
Quarter1,finished,Sunday,12,4.08,0.0,0,0.0,0,0,9.0,-1.0418339203826774,0,Moderate
Quarter1,sewing,Sunday,11,20.1,1192.0,75,0.0,0,0,54.0,0.4638012641783702,1,Moderate
Quarter1,sewing,Sunday,6,18.79,881.0,26,0.0,0,0,33.0,-0.18147095777636452,1,Moderate
Quarter1,sewing,Sunday,8,24.26,1196.0,0,0.0,0,0,55.0,0.6071950912794224,0,Low
Quarter1,sewing,Sunday,7,24.26,1400.0,0,0.0,0,0,56.0,0.6430435480546854,0,Low
Quarter1,finished,Sunday,6,2.9,0.0,0,0.0,0,0,10.0,-1.0059854636074144,0,Low
Quarter1,sewing,Monday,1,22.94,16882.0,113,0.0,0,0,58.5,0.7326646899928431,1,High
Quarter1,finished,Monday,9,3.94,0.0,0,0.0,0,0,8.0,-1.0776823771579405,1,High
Quarter1,sewing,Monday,2,22.52,21385.0,88,0.0,0,0,58.5,0.7326646899928431,1,High
Quarter1,sewing,Monday,3,22.52,21266.0,70,0.0,0,0,57.0,0.6788920048299485,1,High
Quarter1,sewing,Monday,10,22.52,21540.0,88,0.0,0,0,56.0,0.6430435480546854,1,High
Quarter1,finished,Monday,10,3.94,0.0,0,0.0,0,0,10.0,-1.0059854636074144,1,High
Quarter1,finished,Monday,4,4.3,0.0,0,0.0,0,0,12.0,-0.9342885500568884,1,High
Quarter1,sewing,Monday,12,15.26,12261.0,63,0.0,0,0,35.0,-0.28901632810215366,1,High
Quarter1,sewing,Monday,4,22.52,23122.0,50,0.0,0,0,56.5,0.4100285790154756,1,High
Quarter1,sewing,Monday,9,29.12,8992.0,55,0.0,0,0,58.0,0.7147404616052115,1,Moderate
Quarter1,finished,Monday,12,4.08,0.0,0,0.0,0,0,9.0,-1.0418339203826774,0,Moderate
Quarter1,sewing,Monday,11,20.55,9792.0,60,0.0,0,0,54.0,0.5713466345041593,1,Moderate
Quarter1,sewing,Monday,6,18.79,2984.0,30,0.0,0,0,33.0,-0.18147095777636452,1,Moderate
Quarter1,finished,Monday,8,4.15,0.0,0,0.0,0,0,8.0,-1.0776823771579405,0,Low
Quarter1,finished,Monday,1,3.94,0.0,0,0.0,0,0,19.0,-0.6833493526300471,0,Low
Quarter1,sewing,Monday,5,30.1,839.0,0,0.0,0,0,58.0,0.7147404616052115,1,Low
Quarter1,sewing,Monday,7,24.26,2698.0,0,0.0,0,0,56.0,0.6430435480546854,0,Low
Quarter1,finished,Monday,6,2.9,0.0,0,0.0,0,0,10.0,-1.0059854636074144,0,Low
Quarter1,sewing,Monday,8,24.26,1435.0,0,0.0,0,0,55.0,0.6071950912794224,0,Low
Quarter1,finished,Tuesday,2,3.94,0.0,0,0.0,0,0,20.0,-0.6475008958547841,1,High
Quarter1,sewing,Tuesday,1,22.52,1500.0,113,0.0,0,0,57.5,0.69681623321758,1,High
Quarter1,sewing,Tuesday,10,22.52,1188.0,90,0.0,0,0,56.0,0.6430435480546854,1,High
Quarter1,finished,Tuesday,1,3.94,0.0,0,0.0,0,0,10.0,-1.0059854636074144,1,High
Quarter1,finished,Tuesday,8,4.15,0.0,0,0.0,0,0,8.0,-1.0776823771579405,1,High
Quarter1,sewing,Tuesday,3,22.52,1112.0,100,0.0,0,0,57.0,0.6788920048299485,1,High
Quarter1,sewing,Tuesday,2,22.52,1452.0,100,0.0,0,0,58.0,0.7147404616052115,1,High
Quarter1,finished,Tuesday,9,3.94,0.0,0,0.0,0,0,11.0,-0.9701370068321514,1,High
Quarter1,sewing,Tuesday,4,22.52,340.0,63,0.0,0,0,56.5,0.2666347519144235,1,High
Quarter1,sewing,Tuesday,12,15.26,1029.0,50,0.0,0,0,35.0,-0.7550462661805731,1,High
Quarter1,finished,Tuesday,12,4.08,0.0,0,0.0,0,0,9.0,-1.0418339203826774,0,Moderate
Quarter1,sewing,Tuesday,9,29.12,1070.0,34,0.0,0,0,58.0,0.7147404616052115,1,Moderate
Quarter1,sewing,Tuesday,11,25.31,946.0,60,0.0,0,0,54.0,0.3562558938525811,1,Moderate
Quarter1,sewing,Tuesday,6,18.79,913.0,30,0.0,0,0,33.5,-0.16354672938873302,1,Moderate
Quarter1,sewing,Tuesday,8,24.26,1363.0,0,0.0,0,0,55.5,0.6251193196670539,0,Low
Quarter1,sewing,Tuesday,7,24.26,1639.0,0,0.0,0,0,56.0,0.6430435480546854,0,Low
Quarter1,finished,Tuesday,4,4.3,0.0,0,0.0,0,0,12.0,-0.9342885500568884,0,Low
Quarter1,finished,Tuesday,6,2.9,0.0,0,0.0,0,0,8.0,-1.0776823771579405,0,Low
Quarter1,sewing,Tuesday,5,30.1,415.0,0,0.0,0,0,58.0,0.7147404616052115,0,Low
Quarter1,sewing,Wednesday,2,22.52,1263.0,100,0.0,0,0,57.5,0.69681623321758,1,High
Quarter1,sewing,Wednesday,3,22.52,968.0,113,0.0,0,0,57.0,0.6788920048299485,1,High
Quarter1,sewing,Wednesday,10,22.52,1108.0,113,0.0,0,0,56.0,0.6430435480546854,1,High
Quarter1,finished,Wednesday,2,3.94,0.0,0,0.0,0,0,18.0,-0.7191978094053102,1,High
Quarter1,finished,Wednesday,1,3.94,0.0,0,0.0,0,0,10.0,-1.0059854636074144,1,High
Quarter1,finished,Wednesday,8,4.15,0.0,0,0.0,0,0,25.0,-0.46825861197846885,1,High
Quarter1,sewing,Wednesday,1,22.52,1532.0,88,0.0,0,0,57.5,0.69681623321758,1,High
Quarter1,sewing,Wednesday,12,15.26,1094.0,38,0.0,0,0,34.0,-0.1456225010011015,1,High
Quarter1,sewing,Wednesday,9,22.52,1086.0,50,0.0,0,0,58.0,0.7147404616052115,0,Moderate
Quarter1,finished,Wednesday,7,3.94,0.0,0,0.0,0,0,8.0,-1.0776823771579405,1,Moderate
Quarter1,finished,Wednesday,9,3.94,0.0,0,0.0,0,0,8.0,-1.0776823771579405,1,Moderate
Quarter1,sewing,Wednesday,6,18.79,941.0,30,0.0,0,0,33.0,-0.3607132416526797,1,Moderate
Quarter1,sewing,Wednesday,7,24.26,1471.0,0,0.0,0,0,58.0,0.7147404616052115,1,Moderate
Quarter1,sewing,Wednesday,11,10.05,1042.0,60,0.0,0,0,53.0,0.4638012641783702,1,Moderate
Quarter1,sewing,Wednesday,8,29.12,1248.0,0,0.0,0,0,57.0,0.6788920048299485,1,Moderate
Quarter1,finished,Wednesday,12,4.08,0.0,0,0.0,0,0,9.0,-1.0418339203826774,0,Moderate
Quarter1,sewing,Wednesday,5,30.1,326.0,0,90.0,10,0,58.5,0.37418012224021263,1,Moderate
Quarter1,finished,Wednesday,6,2.9,0.0,0,0.0,0,0,8.0,-1.0776823771579405,0,Low
Quarter1,sewing,Wednesday,4,30.1,287.0,23,150.0,15,0,55.5,0.4458770357907387,1,Low
Quarter1,sewing,Thursday,2,22.52,1300.0,113,0.0,0,0,56.5,0.660967776442317,1,High
Quarter1,sewing,Thursday,1,22.52,1485.0,113,0.0,0,0,57.5,0.69681623321758,1,High
Quarter1,sewing,Thursday,10,22.52,1039.0,113,0.0,0,0,56.0,0.6430435480546854,1,High
Quarter1,finished,Thursday,2,3.94,0.0,0,0.0,0,0,22.0,-0.575803982304258,1,High
Quarter1,sewing,Thursday,3,22.52,1063.0,100,0.0,0,0,57.0,0.6788920048299485,1,High
Quarter1,finished,Thursday,6,2.9,0.0,0,0.0,0,0,8.0,-1.0776823771579405,1,High
Quarter1,finished,Thursday,12,4.08,0.0,0,0.0,0,0,9.0,-1.0418339203826774,1,High
Quarter1,finished,Thursday,7,3.94,0.0,0,0.0,0,0,10.0,-1.0059854636074144,1,High
Quarter1,finished,Thursday,1,3.94,0.0,0,0.0,0,0,12.0,-0.9342885500568884,1,High
Quarter1,sewing,Thursday,12,15.26,1083.0,38,0.0,0,0,34.0,-1.1493792907084666,1,High
Quarter1,sewing,Thursday,9,29.12,1069.0,50,0.0,0,0,58.0,0.7147404616052115,0,Moderate
Quarter1,finished,Thursday,10,3.94,0.0,0,0.0,0,0,8.0,-1.0776823771579405,0,Moderate
Quarter1,sewing,Thursday,11,10.05,668.0,34,0.0,0,0,26.0,-0.611652439079521,1,Moderate
Quarter1,sewing,Thursday,6,18.79,766.0,30,0.0,0,0,33.0,-0.539955525528995,1,Moderate
Quarter1,sewing,Thursday,5,30.1,557.0,0,0.0,0,0,58.0,0.7147404616052115,0,Low
Quarter1,sewing,Thursday,7,24.26,1608.0,0,0.0,0,0,58.0,0.7147404616052115,1,Low
Quarter1,sewing,Thursday,4,30.1,417.0,23,0.0,0,1,53.0,0.5354981777288963,1,Low
Quarter1,sewing,Thursday,8,24.26,1167.0,0,0.0,0,0,57.0,0.6788920048299485,0,Low
Quarter1,finished,Saturday,2,3.94,0.0,0,0.0,0,0,25.0,-0.46825861197846885,1,High
Quarter1,sewing,Saturday,2,22.52,1186.0,113,0.0,0,0,58.0,0.69681623321758,1,High
Quarter1,sewing,Saturday,3,22.52,1060.0,100,0.0,0,0,57.0,0.6788920048299485,1,High
Quarter1,sewing,Saturday,1,22.52,1534.0,88,0.0,0,0,57.0,0.660967776442317,1,High
Quarter1,sewing,Saturday,10,22.52,1142.0,88,0.0,0,0,56.0,0.6430435480546854,1,High
Quarter1,finished,Saturday,12,4.08,0.0,0,0.0,0,0,9.0,-1.0418339203826774,1,High
Quarter1,finished,Saturday,1,3.94,0.0,0,0.0,0,0,10.0,-1.0059854636074144,1,High
Quarter1,finished,Saturday,6,2.9,0.0,0,0.0,0,0,8.0,-1.0776823771579405,1,High
Quarter1,sewing,Saturday,12,15.26,1021.0,63,0.0,0,0,34.0,-0.1456225010011015,1,High
Quarter1,sewing,Saturday,9,29.12,829.0,50,0.0,0,0,58.0,0.7147404616052115,0,Moderate
Quarter1,finished,Saturday,9,3.94,0.0,0,0.0,0,0,8.0,-1.0776823771579405,0,Moderate
Quarter1,sewing,Saturday,6,18.79,813.0,34,0.0,0,0,33.0,-0.8984400932816253,1,Moderate
Quarter1,sewing,Saturday,11,10.05,677.0,45,0.0,0,0,27.0,-0.39656169842794275,1,Moderate
Quarter1,finished,Saturday,7,3.94,0.0,0,0.0,0,0,10.0,-1.0059854636074144,1,Moderate
Quarter1,sewing,Saturday,7,24.26,658.0,0,270.0,45,0,58.0,0.7147404616052115,0,Moderate
Quarter1,sewing,Saturday,4,30.1,486.0,30,0.0,0,1,57.0,0.660967776442317,1,Moderate
Quarter1,sewing,Saturday,5,30.1,687.0,0,0.0,0,0,59.0,0.8760585170938952,0,Low
Quarter1,finished,Saturday,4,4.3,0.0,0,0.0,0,0,8.0,-1.0776823771579405,0,Low
Quarter1,sewing,Saturday,8,24.26,652.0,0,300.0,37,0,57.0,0.6788920048299485,0,Low
Quarter2,sewing,Sunday,2,22.52,1233.0,113,0.0,0,0,57.5,0.69681623321758,1,High
Quarter2,finished,Sunday,7,4.15,0.0,0,0.0,0,0,12.0,-0.9342885500568884,1,High
Quarter2,sewing,Sunday,10,22.52,1388.0,88,0.0,0,0,56.0,0.6430435480546854,1,High
Quarter2,sewing,Sunday,1,22.52,1615.0,88,0.0,0,0,56.5,0.660967776442317,1,High
Quarter2,sewing,Sunday,3,22.52,1283.0,88,0.0,0,0,56.0,0.6430435480546854,1,High
Quarter2,finished,Sunday,1,3.94,0.0,0,0.0,0,0,10.0,-1.0059854636074144,1,High
Quarter2,finished,Sunday,12,4.08,0.0,0,0.0,0,0,9.0,-1.0418339203826774,1,High
Quarter2,finished,Sunday,2,3.94,0.0,0,0.0,0,0,18.0,-0.7191978094053102,1,High
Quarter2,finished,Sunday,8,4.15,0.0,0,0.0,0,0,15.0,-0.8267431797310992,1,High
Quarter2,sewing,Sunday,12,15.26,1026.0,63,0.0,0,0,34.0,-0.5041070687537319,1,High
Quarter2,sewing,Sunday,9,29.12,909.0,50,0.0,0,0,58.0,0.7147404616052115,0,Moderate
Quarter2,sewing,Sunday,6,18.79,670.0,34,0.0,0,0,33.0,-0.18147095777636452,1,Moderate
Quarter2,sewing,Sunday,11,10.05,629.0,45,0.0,0,0,27.0,-0.39656169842794275,1,Moderate
Quarter2,sewing,Sunday,5,30.1,754.0,0,0.0,0,0,58.5,0.7326646899928431,1,Moderate
Quarter2,finished,Sunday,6,2.9,0.0,0,0.0,0,0,8.0,-1.0776823771579405,0,Moderate
Quarter2,finished,Sunday,9,3.94,0.0,0,0.0,0,0,8.0,-1.0776823771579405,0,Moderate
Quarter2,sewing,Sunday,4,30.1,712.0,44,0.0,0,1,56.5,0.660967776442317,0,Low
Quarter2,sewing,Sunday,7,24.26,148.0,0,0.0,0,0,58.0,0.7147404616052115,0,Low
Quarter2,sewing,Sunday,8,24.26,154.0,0,0.0,0,0,57.0,0.6788920048299485,0,Low
Quarter2,finished,Monday,2,3.94,0.0,0,0.0,0,0,18.0,-0.7191978094053102,1,High
Quarter2,finished,Monday,1,3.94,0.0,0,0.0,0,0,10.0,-1.0059854636074144,1,High
Quarter2,sewing,Monday,10,22.52,1127.0,88,0.0,0,0,56.0,-1.3286215745847818,1,High
Quarter2,sewing,Monday,1,22.52,1506.0,70,0.0,0,0,57.0,-0.28901632810215366,1,High
Quarter2,sewing,Monday,2,22.52,1413.0,70,0.0,0,0,57.0,-1.2569246610342557,1,High
Quarter2,finished,Monday,6,2.9,0.0,0,0.0,0,0,8.0,-1.0776823771579405,1,High
Quarter2,sewing,Monday,12,15.26,970.0,63,0.0,0,0,34.0,-0.1456225010011015,1,High
Quarter2,sewing,Monday,3,22.52,1271.0,50,0.0,0,0,57.0,0.24871052352679196,1,High
Quarter2,sewing,Monday,9,29.12,1073.0,50,0.0,0,0,58.0,0.7147404616052115,0,Moderate
Quarter2,sewing,Monday,4,30.1,767.0,50,0.0,0,1,57.0,-0.37863747004031123,1,Moderate
Quarter2,sewing,Monday,11,10.05,103.0,45,0.0,0,0,54.0,-1.3644700313600449,1,Moderate
Quarter2,finished,Monday,8,4.15,0.0,0,0.0,0,0,15.0,-0.8267431797310992,1,Moderate
Quarter2,sewing,Monday,5,30.1,773.0,40,0.0,0,0,58.0,0.7326646899928431,1,Moderate
Quarter2,finished,Monday,9,3.94,0.0,0,0.0,0,0,8.0,-1.0776823771579405,0,Moderate
Quarter2,sewing,Monday,6,18.79,708.0,0,0.0,0,0,34.0,-0.1456225010011015,0,Moderate
Quarter2,sewing,Monday,7,30.1,842.0,0,0.0,0,1,58.0,0.7147404616052115,1,Low
Quarter2,sewing,Monday,8,30.1,901.0,0,0.0,0,1,58.0,0.7147404616052115,1,Low
Quarter2,finished,Monday,12,4.08,0.0,0,0.0,0,0,9.0,-1.0418339203826774,0,Low
Quarter2,finished,Tuesday,12,4.08,0.0,0,0.0,0,0,9.0,-1.0418339203826774,1,High
Quarter2,finished,Tuesday,2,3.94,0.0,0,0.0,0,0,18.0,-0.7191978094053102,1,High
Quarter2,sewing,Tuesday,10,22.52,1268.0,88,0.0,0,0,56.0,-1.3644700313600449,1,High
Quarter2,sewing,Tuesday,1,22.52,1546.0,88,0.0,0,0,57.0,-1.3644700313600449,1,High
Quarter2,sewing,Tuesday,3,22.52,813.0,88,0.0,0,0,57.0,-1.3644700313600449,1,High
Quarter2,sewing,Tuesday,2,22.52,1512.0,88,0.0,0,0,57.0,-1.3644700313600449,1,High
Quarter2,finished,Tuesday,1,3.94,0.0,0,0.0,0,0,12.0,-0.9342885500568884,1,High
Quarter2,sewing,Tuesday,9,29.12,1263.0,38,0.0,0,0,58.0,-0.7191978094053102,1,High
Quarter2,sewing,Tuesday,12,15.26,900.0,50,0.0,0,0,34.0,-0.1456225010011015,1,High
Quarter2,finished,Tuesday,4,4.15,0.0,0,0.0,0,0,15.0,-0.8267431797310992,1,Moderate
Quarter2,sewing,Tuesday,6,18.79,640.0,0,0.0,0,0,34.0,-0.6475008958547841,1,Moderate
Quarter2,sewing,Tuesday,11,10.05,13.0,34,0.0,0,0,54.0,-0.39656169842794275,0,Moderate
Quarter2,sewing,Tuesday,5,30.1,855.0,45,0.0,0,0,58.0,0.7326646899928431,1,Moderate
Quarter2,finished,Tuesday,8,4.15,0.0,0,0.0,0,0,8.0,-1.0776823771579405,1,Moderate
Quarter2,sewing,Tuesday,4,30.1,855.0,40,0.0,0,1,58.0,0.7326646899928431,1,Moderate
Quarter2,finished,Tuesday,9,3.94,0.0,0,0.0,0,0,8.0,-1.0776823771579405,0,Moderate
Quarter2,finished,Tuesday,6,2.9,0.0,0,0.0,0,0,8.0,-1.0776823771579405,0,Moderate
Quarter2,sewing,Tuesday,7,30.1,1025.0,23,0.0,0,1,58.0,0.7147404616052115,1,Low
Quarter2,sewing,Tuesday,8,30.1,1061.0,30,0.0,0,1,58.0,0.7147404616052115,0,Low
Quarter2,finished,Wednesday,4,4.15,0.0,0,0.0,0,0,15.0,-0.8267431797310992,1,High
Quarter2,finished,Wednesday,12,4.08,0.0,0,0.0,0,0,9.0,-1.0418339203826774,1,High
Quarter2,sewing,Wednesday,2,22.52,1557.0,90,0.0,0,0,57.5,-1.3644700313600449,1,High
Quarter2,sewing,Wednesday,1,22.52,1498.0,113,0.0,0,0,57.0,-1.3644700313600449,1,High
Quarter2,finished,Wednesday,8,4.15,0.0,0,0.0,0,0,12.0,-0.9342885500568884,1,High
Quarter2,finished,Wednesday,2,3.94,0.0,0,0.0,0,0,18.0,-0.7191978094053102,1,High
Quarter2,finished,Wednesday,5,4.15,0.0,0,0.0,0,0,2.0,-1.2927731178095188,1,High
Quarter2,sewing,Wednesday,10,22.52,598.0,75,0.0,0,0,56.0,-1.3644700313600449,1,High
Quarter2,sewing,Wednesday,6,18.79,656.0,38,0.0,0,0,34.0,-0.3248647848774167,1,High
Quarter2,sewing,Wednesday,12,15.26,854.0,50,0.0,0,0,34.0,-0.1456225010011015,1,High
Quarter2,sewing,Wednesday,9,29.12,609.0,50,0.0,0,0,58.0,-0.39656169842794275,1,High
Quarter2,sewing,Wednesday,5,30.1,788.0,56,0.0,0,0,59.5,0.8402100603186321,1,Moderate
Quarter2,sewing,Wednesday,8,30.1,1069.0,30,0.0,0,1,58.0,-0.002228673900049323,1,Moderate
Quarter2,sewing,Wednesday,4,30.1,667.0,40,0.0,0,1,59.5,0.4100285790154756,1,Moderate
Quarter2,finished,Wednesday,1,3.94,0.0,0,0.0,0,0,12.0,-0.9342885500568884,0,Moderate
Quarter2,sewing,Wednesday,7,30.1,829.0,23,0.0,0,1,58.0,-0.3607132416526797,1,Moderate
Quarter2,finished,Wednesday,9,3.94,0.0,0,0.0,0,0,8.0,-1.0776823771579405,0,Low
Quarter2,sewing,Wednesday,3,22.52,11.0,0,0.0,0,1,57.0,0.6788920048299485,0,Low
Quarter2,sewing,Wednesday,11,11.41,434.0,0,0.0,0,1,52.0,-0.39656169842794275,1,Low
Quarter2,sewing,Thursday,1,22.52,1397.0,138,0.0,0,0,57.0,-1.3644700313600449,1,High
Quarter2,finished,Thursday,4,4.15,0.0,0,0.0,0,0,15.0,-0.8267431797310992,1,High
Quarter2,sewing,Thursday,2,22.52,1327.0,113,0.0,0,0,57.5,-1.3644700313600449,1,High
Quarter2,finished,Thursday,12,4.08,0.0,0,0.0,0,0,9.0,-1.0418339203826774,1,High
Quarter2,sewing,Thursday,12,15.26,894.0,50,0.0,0,0,34.0,-0.1456225010011015,1,High
Quarter2,finished,Thursday,8,4.15,0.0,0,0.0,0,0,12.0,-0.9342885500568884,1,Moderate
Quarter2,sewing,Thursday,5,30.1,610.0,56,0.0,0,0,59.0,0.7505889183804746,1,Moderate
Quarter2,sewing,Thursday,6,18.79,779.0,0,0.0,0,0,33.0,-0.18147095777636452,0,Moderate
Quarter2,finished,Thursday,1,3.94,0.0,0,0.0,0,0,12.0,-0.9342885500568884,0,Moderate
Quarter2,finished,Thursday,9,3.94,0.0,0,0.0,0,0,8.0,-1.0776823771579405,0,Moderate
Quarter2,sewing,Thursday,4,30.1,419.0,0,0.0,0,1,59.0,0.7505889183804746,0,Moderate
Quarter2,finished,Thursday,2,3.94,0.0,0,0.0,0,0,18.0,-0.7191978094053102,0,Moderate
Quarter2,finished,Thursday,5,4.15,0.0,0,0.0,0,0,2.0,-1.2927731178095188,0,Low
Quarter2,sewing,Thursday,7,30.1,909.0,0,0.0,0,1,59.0,0.7505889183804746,0,Low
Quarter2,sewing,Thursday,11,11.41,1039.0,0,0.0,0,2,55.0,-0.6833493526300471,1,Low
Quarter2,sewing,Thursday,9,29.12,14.0,0,0.0,0,0,58.0,0.7147404616052115,0,Low
Quarter2,sewing,Thursday,8,30.1,1193.0,0,0.0,0,1,59.0,0.7505889183804746,0,Low
Quarter2,sewing,Thursday,10,22.52,10.0,0,0.0,0,0,50.0,0.42795280740310715,0,Low
Quarter2,sewing,Thursday,3,30.1,770.0,0,0.0,0,1,58.0,0.7147404616052115,1,Low
Quarter2,sewing,Saturday,1,22.52,1416.0,113,0.0,0,0,57.0,0.6788920048299485,1,High
Quarter2,finished,Saturday,7,4.15,0.0,0,0.0,0,0,15.0,-0.8267431797310992,1,High
Quarter2,finished,Saturday,4,4.15,0.0,0,0.0,0,0,20.0,-0.6475008958547841,1,High
Quarter2,finished,Saturday,12,4.08,0.0,0,0.0,0,0,9.0,-1.0418339203826774,1,High
Quarter2,sewing,Saturday,12,15.26,942.0,63,0.0,0,0,34.0,-0.1456225010011015,1,High
Quarter2,sewing,Saturday,2,22.52,674.0,63,0.0,0,0,57.0,-0.27109209971452214,1,High
Quarter2,finished,Saturday,1,3.94,0.0,0,0.0,0,0,12.0,-0.9342885500568884,0,Moderate
Quarter2,sewing,Saturday,4,30.1,481.0,0,0.0,0,1,59.0,0.7685131467681061,1,Moderate
Quarter2,sewing,Saturday,5,30.1,664.0,56,0.0,0,0,59.0,0.7685131467681061,1,Moderate
Quarter2,finished,Saturday,8,4.15,0.0,0,0.0,0,0,8.0,-1.0776823771579405,1,Moderate
Quarter2,sewing,Saturday,8,30.1,824.0,0,0.0,0,1,60.0,0.1770136099762659,1,Moderate
Quarter2,sewing,Saturday,7,30.1,957.0,0,0.0,0,1,60.0,0.7864373751557375,0,Moderate
Quarter2,sewing,Saturday,11,11.41,1039.0,23,0.0,0,2,55.0,-0.6833493526300471,1,Moderate
Quarter2,sewing,Saturday,6,18.79,822.0,0,0.0,0,0,34.0,-0.1456225010011015,0,Low
Quarter2,sewing,Saturday,3,30.1,1261.0,30,0.0,0,1,58.0,0.7147404616052115,1,Low
Quarter2,finished,Saturday,6,2.9,0.0,0,0.0,0,0,8.0,-1.0776823771579405,0,Low
Quarter2,finished,Saturday,9,3.94,0.0,0,0.0,0,0,8.0,-1.0776823771579405,0,Low
Quarter3,finished,Sunday,1,3.94,0.0,0,0.0,0,0,8.0,-1.0776823771579405,1,High
Quarter3,finished,Sunday,2,3.94,0.0,0,0.0,0,0,8.0,-1.0776823771579405,1,High
Quarter3,sewing,Sunday,1,22.52,1420.0,113,0.0,0,0,57.0,0.6788920048299485,1,High
Quarter3,finished,Sunday,12,4.08,0.0,0,0.0,0,0,9.0,-1.0418339203826774,1,High
Quarter3,sewing,Sunday,12,15.26,1120.0,50,0.0,0,0,34.0,-0.9342885500568884,1,High
Quarter3,finished,Sunday,5,4.15,0.0,0,0.0,0,0,2.0,-1.2927731178095188,1,Moderate
Quarter3,sewing,Sunday,5,30.1,679.0,0,0.0,0,0,59.5,0.7685131467681061,0,Moderate
Quarter3,finished,Sunday,11,2.9,0.0,0,0.0,0,0,10.0,-1.0059854636074144,1,Moderate
Quarter3,sewing,Sunday,7,30.1,881.0,0,0.0,0,1,59.0,0.7505889183804746,1,Moderate
Quarter3,sewing,Sunday,8,30.1,507.0,40,2.0,10,1,59.0,0.39210435062784416,1,Moderate
Quarter3,sewing,Sunday,6,18.79,814.0,0,0.0,0,0,34.0,-0.1456225010011015,0,Moderate
Quarter3,sewing,Sunday,11,11.41,700.0,23,0.0,0,2,53.0,-0.575803982304258,1,Moderate
Quarter3,finished,Sunday,8,4.15,0.0,0,0.0,0,0,8.0,-1.0776823771579405,0,Moderate
Quarter3,finished,Sunday,6,2.9,0.0,0,0.0,0,0,8.0,-1.0776823771579405,0,Moderate
Quarter3,sewing,Sunday,4,30.1,919.0,0,0.0,0,1,59.5,0.7685131467681061,0,Low
Quarter3,sewing,Sunday,3,30.1,1361.0,30,0.0,0,1,58.0,0.7147404616052115,0,Low
Quarter3,sewing,Sunday,2,22.52,12.0,0,0.0,0,0,57.5,0.69681623321758,0,Low
Quarter3,finished,Sunday,4,4.15,0.0,0,0.0,0,0,20.0,-0.6475008958547841,0,Low
Quarter3,sewing,Sunday,9,18.79,1688.0,0,0.0,0,1,54.0,0.2128620667515289,0,Low
Quarter3,sewing,Monday,1,22.52,1422.0,113,0.0,0,0,57.0,0.6788920048299485,1,High
Quarter3,finished,Monday,9,3.94,0.0,0,0.0,0,0,10.0,-1.0059854636074144,1,High
Quarter3,finished,Monday,12,4.08,0.0,0,0.0,0,0,9.0,-1.0418339203826774,1,High
Quarter3,finished,Monday,3,4.15,0.0,0,0.0,0,0,8.0,-1.0776823771579405,1,High
Quarter3,sewing,Monday,3,30.1,1263.0,63,0.0,0,1,58.0,-1.1852277474837296,1,High
Quarter3,sewing,Monday,5,30.1,461.0,0,0.0,0,0,59.0,-1.3644700313600449,1,High
Quarter3,sewing,Monday,12,15.26,1079.0,38,0.0,0,0,34.0,-0.2531678713268906,1,High
Quarter3,finished,Monday,6,2.9,0.0,0,0.0,0,0,8.0,-1.0776823771579405,0,Moderate
Quarter3,sewing,Monday,6,18.79,895.0,0,0.0,0,0,33.0,-0.18147095777636452,1,Moderate
Quarter3,sewing,Monday,4,30.1,912.0,0,0.0,0,1,58.0,0.7326646899928431,1,Moderate
Quarter3,finished,Monday,4,4.15,0.0,0,0.0,0,0,15.0,-0.8267431797310992,0,Moderate
Quarter3,sewing,Monday,7,30.1,784.0,30,0.0,0,1,59.0,-1.1852277474837296,1,Moderate
Quarter3,finished,Monday,5,4.15,0.0,0,0.0,0,0,10.0,-1.0059854636074144,0,Moderate
Quarter3,sewing,Monday,8,30.1,7.0,27,2.0,10,2,59.0,0.7505889183804746,0,Moderate
Quarter3,sewing,Monday,11,11.41,680.0,30,0.0,0,2,54.0,-0.7191978094053102,0,Low
Quarter3,sewing,Monday,10,18.22,1131.0,0,0.0,0,1,44.0,0.2128620667515289,0,Low
Quarter3,sewing,Monday,9,18.79,2103.0,0,0.0,0,1,54.0,0.24871052352679196,0,Low
Quarter3,finished,Monday,7,4.15,0.0,0,0.0,0,0,15.0,-0.8267431797310992,0,Low
Quarter3,sewing,Tuesday,1,22.52,1445.0,113,0.0,0,0,57.0,0.6788920048299485,1,High
Quarter3,finished,Tuesday,10,3.94,0.0,0,0.0,0,0,8.0,-1.0776823771579405,1,High
Quarter3,finished,Tuesday,7,5.13,0.0,0,0.0,0,0,10.0,-1.0059854636074144,1,High
Quarter3,finished,Tuesday,12,5.13,0.0,0,0.0,0,0,9.0,-1.0418339203826774,1,High
Quarter3,sewing,Tuesday,12,15.26,1133.0,38,0.0,0,0,34.0,-0.1456225010011015,1,High
Quarter3,finished,Tuesday,3,5.13,0.0,0,0.0,0,0,15.0,-0.8267431797310992,1,Moderate
Quarter3,sewing,Tuesday,6,18.79,726.0,0,0.0,0,0,33.0,-0.3607132416526797,1,Moderate
Quarter3,sewing,Tuesday,4,30.1,849.0,45,0.0,0,1,58.0,0.7326646899928431,1,Moderate
Quarter3,finished,Tuesday,6,2.9,0.0,0,0.0,0,0,8.0,-1.0776823771579405,0,Moderate
Quarter3,sewing,Tuesday,7,30.1,562.0,30,0.0,0,1,59.0,-1.1135308339332035,1,Moderate
Quarter3,sewing,Tuesday,11,11.41,1054.0,30,0.0,0,2,56.0,-0.34278901326504824,1,Moderate
Quarter3,sewing,Tuesday,3,30.1,1422.0,50,0.0,0,1,58.0,0.7147404616052115,1,Moderate
Quarter3,finished,Tuesday,4,5.13,0.0,0,0.0,0,0,8.0,-1.0776823771579405,0,Moderate
Quarter3,sewing,Tuesday,5,30.1,680.0,0,0.0,0,0,59.0,0.7685131467681061,0,Moderate
Quarter3,sewing,Tuesday,9,18.79,2120.0,0,0.0,0,1,51.0,0.284558980302055,1,Moderate
Quarter3,sewing,Tuesday,8,29.4,179.0,23,5.0,30,2,58.0,-1.3644700313600449,1,Moderate
Quarter3,finished,Tuesday,9,3.94,0.0,0,0.0,0,0,8.0,-1.0776823771579405,0,Low
Quarter3,finished,Tuesday,2,5.13,0.0,0,0.0,0,0,15.0,-0.8267431797310992,0,Low
Quarter3,sewing,Tuesday,2,30.33,838.0,0,0.0,0,1,56.0,0.6430435480546854,0,Low
Quarter3,sewing,Tuesday,10,18.22,741.0,0,8.0,35,1,49.0,-1.3644700313600449,0,Low
Quarter3,finished,Wednesday,12,5.13,0.0,0,0.0,0,0,10.0,-1.0059854636074144,1,High
Quarter3,finished,Wednesday,6,2.9,0.0,0,0.0,0,0,12.0,-0.9342885500568884,1,High
Quarter3,finished,Wednesday,2,5.13,0.0,0,0.0,0,0,12.0,-0.9342885500568884,1,High
Quarter3,sewing,Wednesday,11,11.41,685.0,30,0.0,0,2,56.0,-0.3607132416526797,1,High
Quarter3,sewing,Wednesday,4,30.1,864.0,50,0.0,0,1,58.0,-1.2210762042589927,1,High
Quarter3,sewing,Wednesday,5,30.1,511.0,0,0.0,0,0,59.0,-1.3644700313600449,1,High
Quarter3,sewing,Wednesday,12,15.26,1095.0,63,0.0,0,0,34.0,-0.1456225010011015,1,High
Quarter3,sewing,Wednesday,1,22.52,1374.0,63,0.0,0,0,57.0,-0.18147095777636452,1,High
Quarter3,sewing,Wednesday,6,18.79,759.0,34,0.0,0,0,33.0,-0.18147095777636452,1,Moderate
Quarter3,sewing,Wednesday,7,30.1,553.0,45,0.0,0,1,59.0,-0.6833493526300471,1,Moderate
Quarter3,finished,Wednesday,4,5.13,0.0,0,0.0,0,0,8.0,-1.0776823771579405,0,Moderate
Quarter3,sewing,Wednesday,3,30.1,1057.0,40,0.0,0,1,58.0,-1.3644700313600449,1,Moderate
Quarter3,sewing,Wednesday,9,18.79,1587.0,30,0.0,0,1,51.0,-0.002228673900049323,1,Moderate
Quarter3,finished,Wednesday,7,5.13,0.0,0,0.0,0,0,8.0,-1.0776823771579405,0,Moderate
Quarter3,finished,Wednesday,10,3.94,0.0,0,0.0,0,0,8.0,-1.0776823771579405,0,Moderate
Quarter3,finished,Wednesday,8,5.13,0.0,0,0.0,0,0,8.0,-1.0776823771579405,0,Low
Quarter3,finished,Wednesday,9,3.94,0.0,0,0.0,0,0,8.0,-1.0776823771579405,0,Low
Quarter3,sewing,Wednesday,2,30.33,868.0,0,0.0,0,1,57.0,0.6788920048299485,0,Low
Quarter3,sewing,Wednesday,10,19.68,1119.0,0,8.0,35,1,47.0,0.32040743707731806,0,Low
Quarter3,finished,Wednesday,3,5.13,0.0,0,0.0,0,0,8.0,-1.0776823771579405,0,Low
Quarter3,sewing,Wednesday,8,29.4,962.0,0,4.5,30,2,57.0,-0.002228673900049323,0,Low
Quarter3,finished,Thursday,3,5.13,0.0,0,0.0,0,0,12.0,-0.5041070687537319,1,High
Quarter3,sewing,Thursday,12,15.26,1126.0,38,0.0,0,0,34.0,-1.0418339203826774,1,High
Quarter3,sewing,Thursday,1,22.52,265.0,63,0.0,0,0,57.0,-0.21731941455162757,1,High
Quarter3,sewing,Thursday,4,30.1,859.0,63,0.0,0,1,58.5,0.7326646899928431,1,High
Quarter3,sewing,Thursday,5,30.1,276.0,63,3.5,15,0,59.5,-1.1852277474837296,0,Moderate
Quarter3,finished,Thursday,6,2.9,0.0,0,0.0,0,0,18.0,-0.07392558745057541,0,Moderate
Quarter3,sewing,Thursday,6,18.79,899.0,56,0.0,0,0,33.0,-0.18147095777636452,1,Moderate
Quarter3,finished,Thursday,10,3.94,0.0,0,0.0,0,0,10.0,-0.6475008958547841,0,Moderate
Quarter3,finished,Thursday,2,5.13,0.0,0,0.0,0,0,15.0,-0.28901632810215366,0,Moderate
Quarter3,sewing,Thursday,3,30.1,247.0,50,0.0,0,1,58.0,0.7147404616052115,1,Moderate
Quarter3,sewing,Thursday,11,11.41,653.0,30,0.0,0,2,58.0,-0.3248647848774167,1,Moderate
Quarter3,sewing,Thursday,8,29.4,1116.0,0,0.0,0,2,57.0,0.49964972095363325,1,Moderate
Quarter3,finished,Thursday,4,5.13,0.0,0,0.0,0,0,8.0,-0.7908947229558362,0,Moderate
Quarter3,finished,Thursday,8,5.13,0.0,0,0.0,0,0,8.0,-0.7908947229558362,0,Moderate
Quarter3,sewing,Thursday,9,18.79,1603.0,30,0.0,0,1,51.0,0.4638012641783702,0,Moderate
Quarter3,finished,Thursday,5,5.13,0.0,0,0.0,0,0,8.0,-0.7908947229558362,0,Moderate
Quarter3,sewing,Thursday,7,30.1,444.0,0,5.0,20,1,59.0,-1.3644700313600449,0,Moderate
Quarter3,finished,Thursday,12,5.13,0.0,0,0.0,0,0,9.0,-0.7191978094053102,0,Moderate
Quarter3,sewing,Thursday,2,30.33,841.0,0,0.0,0,1,57.0,0.6788920048299485,0,Low
Quarter3,sewing,Thursday,10,19.68,1410.0,0,0.0,0,1,48.0,0.3562558938525811,0,Low
Quarter4,finished,Sunday,3,5.13,0.0,0,0.0,0,0,15.0,-0.8267431797310992,1,High
Quarter4,finished,Sunday,6,2.9,0.0,0,0.0,0,0,8.0,-1.0776823771579405,1,High
Quarter4,finished,Sunday,2,5.13,0.0,0,0.0,0,0,20.0,0.06946823965047676,1,High
Quarter4,finished,Sunday,11,2.9,0.0,0,0.0,0,0,12.0,-0.5041070687537319,1,High
Quarter4,sewing,Sunday,12,15.26,1103.0,63,0.0,0,0,34.0,-0.1456225010011015,1,High
Quarter4,sewing,Sunday,4,30.1,922.0,63,0.0,0,1,59.0,0.37418012224021263,1,High
Quarter4,finished,Sunday,12,5.13,0.0,0,0.0,0,0,10.0,-0.6475008958547841,0,Moderate
Quarter4,finished,Sunday,9,3.94,0.0,0,0.0,0,0,10.0,-0.6475008958547841,0,Moderate
Quarter4,sewing,Sunday,6,18.79,1055.0,45,0.0,0,0,33.0,-0.18147095777636452,1,Moderate
Quarter4,finished,Sunday,1,3.94,0.0,0,0.0,0,0,12.0,-0.5041070687537319,0,Moderate
Quarter4,sewing,Sunday,8,29.4,1146.0,40,0.0,0,2,57.0,0.6788920048299485,1,Moderate
Quarter4,sewing,Sunday,2,30.33,746.0,0,0.0,0,1,57.0,0.6788920048299485,1,Moderate
Quarter4,sewing,Sunday,11,11.41,834.0,0,0.0,0,2,58.0,-0.3248647848774167,0,Moderate
Quarter4,sewing,Sunday,9,18.79,1717.0,30,0.0,0,1,57.0,-0.39656169842794275,0,Moderate
Quarter4,sewing,Sunday,3,30.1,1041.0,33,0.0,0,2,58.0,1.0732250293578418,0,Moderate
Quarter4,sewing,Sunday,10,21.25,1531.0,0,0.0,0,1,50.0,0.42795280740310715,0,Low
Quarter4,sewing,Sunday,7,30.1,627.0,0,3.5,20,1,58.0,0.7147404616052115,0,Low
Quarter4,finished,Sunday,10,3.94,0.0,0,0.0,0,0,8.0,-1.0776823771579405,0,Low
Quarter4,sewing,Sunday,5,30.1,450.0,0,4.5,25,0,60.0,0.3383316654649496,0,Low
Quarter4,finished,Sunday,7,5.13,0.0,0,0.0,0,0,8.0,-1.0776823771579405,0,Low
Quarter4,finished,Monday,10,3.94,0.0,0,0.0,0,0,20.0,-0.6475008958547841,1,High
Quarter4,finished,Monday,8,5.13,0.0,0,0.0,0,0,8.0,-1.0776823771579405,1,High
Quarter4,finished,Monday,12,5.13,0.0,0,0.0,0,0,9.0,-1.0418339203826774,1,High
Quarter4,finished,Monday,3,5.13,0.0,0,0.0,0,0,18.0,-0.7191978094053102,1,High
Quarter4,sewing,Monday,12,15.26,1060.0,63,0.0,0,0,34.0,-0.1456225010011015,1,High
Quarter4,sewing,Monday,4,30.1,891.0,38,0.0,0,1,59.0,0.7685131467681061,1,High
Quarter4,sewing,Monday,5,30.1,541.0,38,0.0,0,0,59.0,0.7685131467681061,1,High
Quarter4,sewing,Monday,7,30.1,709.0,45,0.0,0,1,58.0,0.7147404616052115,1,Moderate
Quarter4,sewing,Monday,6,18.79,1100.0,45,0.0,0,0,33.0,-0.18147095777636452,1,Moderate
Quarter4,sewing,Monday,11,11.41,826.0,0,0.0,0,2,58.0,-0.5220312971413634,1,Moderate
Quarter4,sewing,Monday,2,30.33,577.0,30,0.0,0,1,58.0,-0.7191978094053102,1,Moderate
Quarter4,sewing,Monday,8,29.4,1094.0,40,0.0,0,2,57.0,0.6788920048299485,1,Moderate
Quarter4,sewing,Monday,3,29.4,1228.0,30,0.0,0,2,58.0,0.7147404616052115,1,Moderate
Quarter4,sewing,Monday,9,18.79,1641.0,40,0.0,0,1,50.0,0.42795280740310715,0,Moderate
Quarter4,sewing,Monday,10,21.25,1583.0,0,0.0,0,1,50.0,0.42795280740310715,0,Low
Quarter4,finished,Monday,6,2.9,0.0,0,0.0,0,0,8.0,-1.0776823771579405,0,Low
Quarter4,finished,Monday,9,2.9,0.0,0,0.0,0,0,8.0,-1.0776823771579405,0,Low
Quarter4,finished,Monday,2,5.13,0.0,0,0.0,0,0,8.0,-1.0776823771579405,0,Low
Quarter4,finished,Monday,7,5.13,0.0,0,0.0,0,0,8.0,-1.0776823771579405,0,Low
Quarter4,finished,Tuesday,10,2.9,0.0,0,0.0,0,0,15.0,-0.8267431797310992,1,High
Quarter4,finished,Tuesday,3,4.6,0.0,0,0.0,0,0,12.0,-0.9342885500568884,1,High
Quarter4,sewing,Tuesday,12,15.26,1062.0,50,0.0,0,0,34.0,-0.1456225010011015,1,High
Quarter4,sewing,Tuesday,5,30.1,450.0,50,0.0,0,0,60.0,0.7685131467681061,1,High
Quarter4,sewing,Tuesday,4,30.1,901.0,50,0.0,0,1,59.0,0.5713466345041593,1,High
Quarter4,finished,Tuesday,8,4.6,0.0,0,0.0,0,0,8.0,-1.0776823771579405,1,Moderate
Quarter4,sewing,Tuesday,7,30.1,739.0,45,0.0,0,1,59.0,0.32040743707731806,1,Moderate
Quarter4,sewing,Tuesday,6,18.79,913.0,45,0.0,0,0,33.0,-0.3607132416526797,1,Moderate
Quarter4,sewing,Tuesday,11,11.61,698.0,34,0.0,0,2,57.0,-0.3607132416526797,1,Moderate
Quarter4,sewing,Tuesday,3,29.4,1172.0,45,0.0,0,2,60.0,0.23078629513916044,1,Moderate
Quarter4,finished,Tuesday,6,2.9,0.0,0,0.0,0,0,15.0,-0.8267431797310992,0,Moderate
Quarter4,finished,Tuesday,9,2.9,0.0,0,0.0,0,0,15.0,-0.8267431797310992,1,Moderate
Quarter4,sewing,Tuesday,2,30.33,408.0,30,0.0,0,1,59.0,-0.8625916365063623,1,Moderate
Quarter4,sewing,Tuesday,8,29.4,1079.0,40,0.0,0,2,58.0,-0.002228673900049323,1,Moderate
Quarter4,sewing,Tuesday,9,18.79,1068.0,30,0.0,0,1,52.0,-0.46825861197846885,1,Moderate
Quarter4,finished,Tuesday,11,2.9,0.0,0,0.0,0,0,8.0,-1.0776823771579405,0,Low
Quarter4,sewing,Tuesday,10,21.25,1834.0,0,0.0,0,1,53.0,0.5354981777288963,0,Low
Quarter4,finished,Tuesday,2,3.9,0.0,0,0.0,0,0,8.0,-1.0776823771579405,0,Low
Quarter4,sewing,Tuesday,1,22.53,708.0,0,0.0,0,1,42.0,0.14116515320100284,0,Low
Quarter4,sewing,Wednesday,9,18.79,1085.0,56,0.0,0,1,52.0,0.49964972095363325,1,High
Quarter4,finished,Wednesday,5,4.6,0.0,0,0.0,0,0,9.0,-1.0418339203826774,1,High
Quarter4,finished,Wednesday,3,4.6,0.0,0,0.0,0,0,20.0,-0.6475008958547841,1,High
Quarter4,finished,Wednesday,12,4.6,0.0,0,0.0,0,0,15.0,-0.8267431797310992,1,High
Quarter4,finished,Wednesday,10,2.9,0.0,0,0.0,0,0,10.0,-1.0059854636074144,1,High
Quarter4,sewing,Wednesday,4,30.1,323.0,50,0.0,0,1,59.0,-0.1456225010011015,1,High
Quarter4,sewing,Wednesday,12,15.26,1053.0,50,0.0,0,0,34.0,-0.1456225010011015,1,High
Quarter4,sewing,Wednesday,7,30.1,786.0,50,0.0,0,2,59.0,0.7505889183804746,1,High
Quarter4,sewing,Wednesday,6,18.79,1003.0,45,0.0,0,1,33.0,-0.18147095777636452,1,Moderate
Quarter4,sewing,Wednesday,11,11.61,635.0,45,0.0,0,0,57.0,-0.3607132416526797,1,Moderate
Quarter4,sewing,Wednesday,3,29.4,1283.0,45,0.0,0,2,58.0,0.7147404616052115,1,Moderate
Quarter4,sewing,Wednesday,8,29.4,847.0,30,0.0,0,1,58.0,0.7147404616052115,1,Moderate
Quarter4,sewing,Wednesday,2,30.33,361.0,30,0.0,0,1,58.0,-0.18147095777636452,1,Moderate
Quarter4,sewing,Wednesday,10,21.82,1653.0,0,0.0,0,2,52.0,0.49964972095363325,1,Moderate
Quarter4,finished,Wednesday,7,4.6,0.0,0,0.0,0,0,8.0,-1.0776823771579405,0,Moderate
Quarter4,finished,Wednesday,8,4.6,0.0,0,0.0,0,0,8.0,-1.0776823771579405,0,Moderate
Quarter4,sewing,Wednesday,5,30.1,15.0,49,0.0,0,1,59.0,-1.0059854636074144,0,Low
Quarter4,sewing,Wednesday,1,22.53,762.0,0,0.0,0,1,42.0,0.14116515320100284,0,Low
Quarter4,finished,Wednesday,2,3.9,0.0,0,0.0,0,0,8.0,-1.0776823771579405,0,Low
Quarter4,finished,Wednesday,6,2.9,0.0,0,0.0,0,0,8.0,-1.0776823771579405,0,Low
Quarter4,finished,Wednesday,9,2.9,0.0,0,0.0,0,0,8.0,-1.0776823771579405,0,Low
Quarter4,finished,Thursday,3,4.6,0.0,0,0.0,0,0,15.0,0.5175739493412648,1,High
Quarter4,finished,Thursday,5,4.6,0.0,0,0.0,0,0,18.0,0.8939827454815267,1,High
Quarter4,sewing,Thursday,7,30.1,694.0,50,0.0,0,1,59.0,-0.1456225010011015,1,High
Quarter4,sewing,Thursday,11,11.61,816.0,50,0.0,0,2,57.0,-0.5220312971413634,1,High
Quarter4,sewing,Thursday,12,15.26,1065.0,63,0.0,0,0,34.0,-0.1456225010011015,1,High
Quarter4,finished,Thursday,1,3.94,0.0,0,0.0,0,0,8.0,-0.3607132416526797,1,Moderate
Quarter4,sewing,Thursday,6,18.79,912.0,45,0.0,0,0,33.0,-0.18147095777636452,1,Moderate
Quarter4,sewing,Thursday,3,29.4,1244.0,45,0.0,0,2,57.0,0.6788920048299485,1,Moderate
Quarter4,sewing,Thursday,9,18.79,1020.0,45,0.0,0,1,52.0,0.32040743707731806,1,Moderate
Quarter4,sewing,Thursday,8,29.4,916.0,56,0.0,0,2,58.0,0.7147404616052115,1,Moderate
Quarter4,sewing,Thursday,10,21.82,1591.0,0,0.0,0,1,52.0,-0.39656169842794275,1,Moderate
Quarter4,sewing,Thursday,2,30.33,398.0,0,0.0,0,1,58.0,0.7147404616052115,0,Moderate
Quarter4,finished,Thursday,12,4.6,0.0,0,0.0,0,0,9.0,-0.2352436429392591,0,Low
Quarter4,finished,Thursday,2,3.9,0.0,0,0.0,0,0,8.0,-1.0776823771579405,0,Low
Quarter4,sewing,Thursday,4,30.1,437.0,32,0.0,0,2,59.0,0.7505889183804746,0,Low
Quarter4,sewing,Thursday,5,27.48,413.0,38,0.0,0,1,57.0,0.6788920048299485,1,Low
Quarter4,finished,Thursday,10,2.9,0.0,0,0.0,0,0,8.0,-0.3607132416526797,0,Low
Quarter4,finished,Thursday,9,2.9,0.0,0,0.0,0,0,8.0,-1.0776823771579405,0,Low
Quarter4,sewing,Thursday,1,26.66,1164.0,23,0.0,0,2,55.0,0.6071950912794224,1,Low
Quarter4,finished,Thursday,8,4.6,0.0,0,0.0,0,0,8.0,-0.3607132416526797,0,Low
Quarter4,finished,Thursday,6,2.9,0.0,0,0.0,0,0,8.0,-0.3607132416526797,0,Low
Quarter4,finished,Saturday,3,4.6,0.0,0,0.0,0,0,15.0,0.5175739493412648,1,High
Quarter4,finished,Saturday,5,4.6,0.0,0,0.0,0,0,18.0,0.8939827454815267,1,High
Quarter4,sewing,Saturday,11,11.61,954.0,50,0.0,0,2,58.0,-1.3644700313600449,1,High
Quarter4,sewing,Saturday,12,15.26,1194.0,62,0.0,0,0,34.0,-0.8566168937104851,1,High
Quarter4,sewing,Saturday,7,30.1,644.0,38,0.0,0,1,59.0,-1.1135308339332035,0,Moderate
Quarter4,finished,Saturday,1,3.94,0.0,0,0.0,0,0,8.0,-0.3607132416526797,1,Moderate
Quarter4,sewing,Saturday,3,29.4,1144.0,45,0.0,0,2,57.0,-0.03807713067531236,1,Moderate
Quarter4,sewing,Saturday,6,18.79,1012.0,45,0.0,0,0,33.0,-0.18147095777636452,1,Moderate
Quarter4,sewing,Saturday,8,29.4,792.0,56,0.0,0,2,58.0,-0.002228673900049323,1,Moderate
Quarter4,sewing,Saturday,9,18.79,841.0,45,0.0,0,1,52.0,0.49964972095363325,1,Moderate
Quarter4,sewing,Saturday,10,21.82,1448.0,40,0.0,0,1,51.0,0.4638012641783702,1,Moderate
Quarter4,sewing,Saturday,2,30.33,512.0,0,0.0,0,1,58.0,-0.002228673900049323,1,Moderate
Quarter4,finished,Saturday,12,4.6,0.0,0,0.0,0,0,9.0,-0.2352436429392591,0,Low
Quarter4,finished,Saturday,2,3.9,0.0,0,0.0,0,0,8.0,-1.0776823771579405,0,Low
Quarter4,sewing,Saturday,5,27.48,609.0,30,0.0,0,1,57.0,0.6788920048299485,1,Low
Quarter4,sewing,Saturday,1,26.66,1448.0,30,0.0,0,2,57.0,0.6788920048299485,1,Low
Quarter4,sewing,Saturday,4,26.66,556.0,23,0.0,0,2,58.0,0.7147404616052115,1,Low
Quarter4,finished,Saturday,10,2.9,0.0,0,0.0,0,0,8.0,-0.3607132416526797,0,Low
Quarter4,finished,Saturday,9,2.9,0.0,0,0.0,0,0,8.0,-1.0776823771579405,0,Low
Quarter4,finished,Saturday,8,4.6,0.0,0,0.0,0,0,8.0,-0.3607132416526797,0,Low
Quarter4,finished,Saturday,6,2.9,0.0,0,0.0,0,0,8.0,-0.3607132416526797,0,Low
Quarter1,finished,Sunday,3,4.6,0.0,0,0.0,0,0,25.0,1.7722699364754713,1,High
Quarter1,finished,Sunday,8,4.6,0.0,0,0.0,0,0,8.0,-0.3607132416526797,1,High
Quarter1,sewing,Sunday,12,15.26,1106.0,63,0.0,0,0,34.0,-0.1456225010011015,1,High
Quarter1,sewing,Sunday,8,29.4,622.0,56,0.0,0,0,57.0,0.49964972095363325,1,Moderate
Quarter1,sewing,Sunday,6,18.79,1193.0,45,0.0,0,0,33.0,-0.18147095777636452,1,Moderate
Quarter1,sewing,Sunday,3,29.4,1143.0,45,0.0,0,0,57.0,0.6788920048299485,1,Moderate
Quarter1,sewing,Sunday,9,18.79,895.0,34,0.0,0,0,52.0,0.49964972095363325,1,Moderate
Quarter1,sewing,Sunday,5,27.48,549.0,38,0.0,0,0,56.0,0.6430435480546854,1,Moderate
Quarter1,sewing,Sunday,10,21.82,1393.0,30,0.0,0,0,52.0,0.32040743707731806,1,Moderate
Quarter1,sewing,Sunday,1,26.66,1578.0,38,0.0,0,0,57.0,0.6788920048299485,1,Moderate
Quarter1,sewing,Sunday,2,30.33,254.0,0,0.0,0,0,58.0,-0.8267431797310992,0,Moderate
Quarter1,sewing,Sunday,11,11.61,347.0,50,4.0,20,0,57.0,-1.3644700313600449,0,Moderate
Quarter1,finished,Sunday,4,3.94,0.0,0,0.0,0,0,8.0,-1.0776823771579405,1,Moderate
Quarter1,finished,Sunday,10,2.9,0.0,0,0.0,0,0,8.0,-0.3607132416526797,0,Moderate
Quarter1,sewing,Sunday,4,26.66,692.0,23,0.0,0,0,57.0,0.6788920048299485,1,Moderate
Quarter1,finished,Sunday,2,3.9,0.0,0,0.0,0,0,8.0,-1.0776823771579405,0,Low
Quarter1,sewing,Sunday,7,30.1,934.0,0,3.5,15,0,58.0,0.7147404616052115,0,Low
Quarter1,finished,Sunday,1,3.94,0.0,0,0.0,0,0,8.0,-0.3607132416526797,0,Low
Quarter1,finished,Sunday,9,2.9,0.0,0,0.0,0,0,8.0,-1.0776823771579405,0,Low
Quarter1,finished,Sunday,7,4.6,0.0,0,0.0,0,0,8.0,-0.3607132416526797,0,Low
Quarter1,finished,Monday,2,3.9,0.0,0,0.0,0,0,10.0,-1.0059854636074144,1,High
Quarter1,finished,Monday,3,4.6,0.0,0,0.0,0,0,24.0,1.6468003377620506,1,High
Quarter1,finished,Monday,4,3.94,0.0,0,0.0,0,0,8.0,-1.0776823771579405,1,High
Quarter1,sewing,Monday,1,26.66,1527.0,65,0.0,0,0,57.0,0.6788920048299485,1,High
Quarter1,sewing,Monday,12,15.26,1035.0,63,0.0,0,0,34.0,-0.1456225010011015,1,High
Quarter1,finished,Monday,9,2.9,0.0,0,0.0,0,0,10.0,-1.0059854636074144,1,High
Quarter1,sewing,Monday,11,11.61,632.0,50,0.0,0,0,57.0,-1.3644700313600449,1,High
Quarter1,sewing,Monday,3,29.4,1231.0,50,0.0,0,0,57.0,0.03361978287521372,1,High
Quarter1,sewing,Monday,7,30.1,616.0,0,0.0,0,0,59.0,0.7505889183804746,1,High
Quarter1,finished,Monday,8,4.6,0.0,0,0.0,0,0,8.0,-0.3607132416526797,1,Moderate
Quarter1,sewing,Monday,6,18.79,947.0,34,0.0,0,0,33.0,-0.5041070687537319,1,Moderate
Quarter1,sewing,Monday,8,29.4,551.0,45,0.0,0,0,57.0,0.6788920048299485,1,Moderate
Quarter1,sewing,Monday,9,18.79,935.0,45,0.0,0,0,52.0,0.49964972095363325,1,Moderate
Quarter1,sewing,Monday,4,26.66,832.0,55,0.0,0,0,57.0,0.660967776442317,1,Moderate
Quarter1,sewing,Monday,5,27.48,544.0,34,0.0,0,0,56.0,0.6430435480546854,1,Moderate
Quarter1,sewing,Monday,10,21.82,1511.0,30,0.0,0,0,51.0,-0.28901632810215366,1,Moderate
Quarter1,finished,Monday,10,2.9,0.0,0,0.0,0,0,8.0,-0.3607132416526797,0,Moderate
Quarter1,finished,Monday,12,4.6,0.0,0,0.0,0,0,9.0,-0.2352436429392591,0,Moderate
Quarter1,finished,Monday,1,3.94,0.0,0,0.0,0,0,8.0,-0.3607132416526797,0,Low
Quarter1,finished,Monday,7,4.6,0.0,0,0.0,0,0,8.0,-0.3607132416526797,0,Low
Quarter1,finished,Tuesday,7,4.6,0.0,0,0.0,0,0,10.0,-0.10977404422583845,1,High
Quarter1,finished,Tuesday,3,4.6,0.0,0,0.0,0,0,15.0,0.5175739493412648,1,High
Quarter1,sewing,Tuesday,11,11.41,601.0,50,0.0,0,0,56.0,-1.3644700313600449,1,High
Quarter1,sewing,Tuesday,1,26.66,1562.0,60,0.0,0,0,58.0,0.7147404616052115,1,High
Quarter1,sewing,Tuesday,12,15.26,983.0,50,0.0,0,0,34.0,-0.1456225010011015,1,High
Quarter1,sewing,Tuesday,3,29.4,1156.0,50,0.0,0,0,57.0,0.6788920048299485,1,High
Quarter1,sewing,Tuesday,7,30.1,29.0,50,0.0,0,0,59.0,0.7505889183804746,1,High
Quarter1,sewing,Tuesday,4,26.66,950.0,50,0.0,0,0,58.0,0.7147404616052115,1,Moderate
Quarter1,sewing,Tuesday,8,29.4,534.0,56,0.0,0,0,57.0,0.6788920048299485,1,Moderate
Quarter1,sewing,Tuesday,9,18.79,1096.0,34,0.0,0,0,52.0,0.49964972095363325,1,Moderate
Quarter1,sewing,Tuesday,6,20.2,402.0,45,0.0,0,0,33.0,-0.4324101552032058,1,Moderate
Quarter1,finished,Tuesday,8,4.6,0.0,0,0.0,0,0,8.0,-0.3607132416526797,0,Moderate
Quarter1,sewing,Tuesday,5,27.48,573.0,30,0.0,0,0,57.0,0.6788920048299485,1,Moderate
Quarter1,sewing,Tuesday,10,21.82,1313.0,30,0.0,0,0,51.0,0.14116515320100284,0,Moderate
Quarter1,finished,Tuesday,12,4.6,0.0,0,0.0,0,0,9.0,-0.2352436429392591,0,Moderate
Quarter1,finished,Tuesday,2,3.9,0.0,0,0.0,0,0,15.0,0.5175739493412648,1,Low
Quarter1,finished,Tuesday,1,3.94,0.0,0,0.0,0,0,8.0,-0.3607132416526797,0,Low
Quarter1,finished,Tuesday,4,3.94,0.0,0,0.0,0,0,8.0,-0.3607132416526797,0,Low
Quarter1,finished,Tuesday,10,2.9,0.0,0,0.0,0,0,8.0,-0.3607132416526797,0,Low
Quarter1,finished,Tuesday,5,4.6,0.0,0,0.0,0,0,8.0,-0.3607132416526797,0,Low
Quarter1,finished,Tuesday,6,2.9,0.0,0,0.0,0,0,8.0,-0.3607132416526797,0,Low
Quarter1,sewing,Tuesday,2,15.28,157.0,0,6.5,30,1,45.0,0.24871052352679196,0,Low
Quarter1,finished,Wednesday,3,4.6,0.0,0,0.0,0,0,10.0,-1.0059854636074144,1,High
Quarter1,finished,Wednesday,8,4.6,0.0,0,0.0,0,0,8.0,-1.0776823771579405,1,High
Quarter1,finished,Wednesday,12,4.6,0.0,0,0.0,0,0,9.0,-1.0418339203826774,1,High
Quarter1,finished,Wednesday,9,2.9,0.0,0,0.0,0,0,8.0,-1.0776823771579405,1,High
Quarter1,finished,Wednesday,1,3.94,0.0,0,0.0,0,0,8.0,-1.0776823771579405,1,High
Quarter1,finished,Wednesday,4,3.94,0.0,0,0.0,0,0,8.0,-1.0776823771579405,1,High
Quarter1,sewing,Wednesday,11,11.41,433.0,38,0.0,0,0,56.0,-1.3644700313600449,1,High
Quarter1,sewing,Wednesday,12,15.26,961.0,50,0.0,0,0,34.0,-0.1456225010011015,1,High
Quarter1,sewing,Wednesday,3,29.4,1169.0,63,0.0,0,0,57.0,0.6788920048299485,1,High
Quarter1,sewing,Wednesday,7,30.1,874.0,50,0.0,0,0,59.0,-0.18147095777636452,1,High
Quarter1,sewing,Wednesday,4,26.82,1028.0,60,0.0,0,0,58.0,0.7147404616052115,1,Moderate
Quarter1,sewing,Wednesday,1,26.82,1772.0,50,0.0,0,0,58.0,0.7147404616052115,1,Moderate
Quarter1,sewing,Wednesday,9,18.79,1206.0,34,0.0,0,0,52.0,0.49964972095363325,1,Moderate
Quarter1,sewing,Wednesday,5,27.48,586.0,40,0.0,0,0,58.0,0.7147404616052115,1,Moderate
Quarter1,sewing,Wednesday,10,21.82,1334.0,30,0.0,0,0,53.0,0.3562558938525811,1,Moderate
Quarter1,finished,Wednesday,7,4.6,0.0,0,0.0,0,0,20.0,1.144921942908368,0,Moderate
Quarter1,finished,Wednesday,5,4.6,0.0,0,0.0,0,0,8.0,-1.0776823771579405,0,Low
Quarter1,finished,Wednesday,2,3.9,0.0,0,0.0,0,0,8.0,-1.0776823771579405,1,Low
Quarter1,sewing,Wednesday,8,29.4,30.0,0,0.0,0,0,57.0,0.6788920048299485,0,Low
Quarter1,sewing,Wednesday,2,15.28,261.0,0,0.0,0,1,46.0,0.284558980302055,0,Low
Quarter1,sewing,Wednesday,6,18.79,52.0,0,0.0,0,0,33.0,-0.18147095777636452,0,Low
Quarter1,finished,Thursday,8,4.6,0.0,0,0.0,0,0,22.0,-0.575803982304258,1,High
Quarter1,finished,Thursday,2,3.9,0.0,0,0.0,0,0,8.0,-1.0776823771579405,1,High
Quarter1,finished,Thursday,11,2.9,0.0,0,0.0,0,0,10.0,-1.0059854636074144,1,High
Quarter1,finished,Thursday,12,4.6,0.0,0,0.0,0,0,9.0,-1.0418339203826774,1,High
Quarter1,finished,Thursday,1,3.94,0.0,0,0.0,0,0,8.0,-1.0776823771579405,1,High
Quarter1,finished,Thursday,4,3.94,0.0,0,0.0,0,0,8.0,-1.0776823771579405,1,High
Quarter1,finished,Thursday,3,4.6,0.0,0,0.0,0,0,15.0,-0.8267431797310992,1,High
Quarter1,sewing,Thursday,11,11.41,455.0,50,0.0,0,0,56.0,-0.34278901326504824,1,High
Quarter1,sewing,Thursday,3,29.4,797.0,63,0.0,0,0,57.0,-0.8267431797310992,1,High
Quarter1,sewing,Thursday,12,15.26,959.0,50,0.0,0,0,34.0,-0.1456225010011015,1,High
Quarter1,sewing,Thursday,1,26.82,1373.0,50,0.0,0,0,58.0,0.7147404616052115,1,Moderate
Quarter1,sewing,Thursday,9,18.79,1228.0,45,0.0,0,0,52.0,0.49964972095363325,1,Moderate
Quarter1,sewing,Thursday,4,26.82,1117.0,50,0.0,0,0,59.0,0.7505889183804746,1,Moderate
Quarter1,sewing,Thursday,5,27.48,230.0,40,0.0,0,0,58.0,0.7147404616052115,1,Moderate
Quarter1,sewing,Thursday,10,21.82,1390.0,30,0.0,0,0,50.0,0.42795280740310715,1,Moderate
Quarter1,sewing,Thursday,2,15.28,529.0,0,0.0,0,1,46.0,-0.9701370068321514,1,Moderate
Quarter1,finished,Thursday,9,2.9,0.0,0,0.0,0,0,8.0,-1.0776823771579405,0,Low
Quarter1,sewing,Thursday,7,30.1,834.0,0,4.0,40,0,59.0,-1.0059854636074144,0,Low
Quarter1,sewing,Thursday,6,22.53,1450.0,0,0.0,0,1,39.0,-0.575803982304258,0,Low
Quarter1,finished,Saturday,12,4.6,0.0,0,0.0,0,0,9.0,-1.0418339203826774,1,High
Quarter1,sewing,Saturday,12,15.26,986.0,75,0.0,0,0,34.0,-0.1456225010011015,1,High
Quarter1,sewing,Saturday,1,26.82,1267.0,70,0.0,0,0,58.0,1.0732250293578418,1,High
Quarter1,finished,Saturday,7,4.6,0.0,0,0.0,0,0,25.0,0.42795280740310715,1,High
Quarter1,finished,Saturday,5,3.94,0.0,0,0.0,0,0,10.0,-0.6475008958547841,1,High
Quarter1,sewing,Saturday,4,26.82,1195.0,60,0.0,0,0,58.0,0.7147404616052115,1,High
Quarter1,sewing,Saturday,3,29.4,983.0,63,0.0,0,1,57.0,0.6788920048299485,1,High
Quarter1,sewing,Saturday,11,11.41,471.0,50,0.0,0,0,58.0,-0.34278901326504824,1,High
Quarter1,finished,Saturday,6,2.9,0.0,0,0.0,0,0,8.0,-1.0776823771579405,1,Moderate
Quarter1,sewing,Saturday,9,18.79,1226.0,45,0.0,0,0,51.0,-0.3248647848774167,0,Moderate
Quarter1,sewing,Saturday,10,21.82,1251.0,30,0.0,0,0,50.0,0.42795280740310715,1,Moderate
Quarter1,finished,Saturday,1,3.94,0.0,0,0.0,0,0,8.0,-1.0776823771579405,0,Moderate
Quarter1,finished,Saturday,4,3.94,0.0,0,0.0,0,0,8.0,-1.0776823771579405,0,Moderate
Quarter1,finished,Saturday,11,2.9,0.0,0,0.0,0,0,8.0,-1.0776823771579405,0,Moderate
Quarter1,sewing,Saturday,2,16.1,626.0,0,0.0,0,1,45.0,-0.10977404422583845,1,Moderate
Quarter1,finished,Saturday,8,4.6,0.0,0,0.0,0,0,15.0,-0.28901632810215366,0,Low
Quarter1,finished,Saturday,2,3.9,0.0,0,0.0,0,0,8.0,-0.7908947229558362,0,Low
Quarter1,sewing,Saturday,6,23.41,1379.0,0,0.0,0,1,39.0,-0.6833493526300471,1,Low
Quarter1,sewing,Saturday,5,27.48,541.0,24,0.0,0,1,58.0,0.7147404616052115,0,Low
Quarter2,finished,Sunday,3,4.6,0.0,0,0.0,0,0,12.0,-0.9342885500568884,1,High
Quarter2,finished,Sunday,12,4.6,0.0,0,0.0,0,0,9.0,-1.0418339203826774,1,High
Quarter2,finished,Sunday,9,2.9,0.0,0,0.0,0,0,9.0,-1.0418339203826774,1,High
Quarter2,finished,Sunday,1,3.94,0.0,0,0.0,0,0,8.0,-1.0776823771579405,1,High
Quarter2,finished,Sunday,4,3.94,0.0,0,0.0,0,0,8.0,-1.0776823771579405,1,High
Quarter2,finished,Sunday,2,3.9,0.0,0,0.0,0,0,10.0,-1.0059854636074144,1,High
Quarter2,finished,Sunday,5,3.94,0.0,0,0.0,0,0,8.0,-1.0776823771579405,1,High
Quarter2,sewing,Sunday,4,26.82,1082.0,65,0.0,0,0,57.0,0.6788920048299485,1,High
Quarter2,sewing,Sunday,1,26.82,1254.0,65,0.0,0,0,58.0,0.7147404616052115,1,High
Quarter2,sewing,Sunday,3,30.1,1278.0,50,0.0,0,1,57.0,-0.3607132416526797,1,High
Quarter2,sewing,Sunday,12,15.26,1064.0,63,0.0,0,0,34.0,-0.1456225010011015,1,High
Quarter2,sewing,Sunday,11,11.41,313.0,50,0.0,0,0,58.0,-0.34278901326504824,1,High
Quarter2,finished,Sunday,11,2.9,0.0,0,0.0,0,0,8.0,-1.0776823771579405,0,Moderate
Quarter2,sewing,Sunday,9,18.79,1239.0,45,0.0,0,0,52.0,0.32040743707731806,1,Moderate
Quarter2,sewing,Sunday,10,21.82,1335.0,30,0.0,0,0,50.0,0.42795280740310715,1,Moderate
Quarter2,sewing,Sunday,2,16.1,928.0,30,0.0,0,1,45.0,0.06946823965047676,1,Moderate
Quarter2,sewing,Sunday,6,23.41,1266.0,23,0.0,0,1,38.0,-0.611652439079521,1,Moderate
Quarter2,sewing,Sunday,8,30.48,869.0,0,0.0,0,1,56.0,0.6430435480546854,1,Moderate
Quarter2,sewing,Sunday,5,26.82,711.0,23,0.0,0,1,59.0,0.7505889183804746,1,Low
Quarter2,finished,Sunday,8,3.9,0.0,0,0.0,0,0,8.0,-1.0776823771579405,0,Low
Quarter2,finished,Sunday,10,2.9,0.0,0,0.0,0,0,8.0,-1.0776823771579405,0,Low
Quarter2,finished,Sunday,6,2.9,0.0,0,0.0,0,0,8.0,-1.0776823771579405,0,Low
Quarter2,finished,Monday,11,2.9,0.0,960,0.0,0,0,8.0,-1.3644700313600449,1,High
Quarter2,finished,Monday,12,4.6,0.0,1080,0.0,0,0,9.0,-1.3644700313600449,1,High
Quarter2,finished,Monday,5,3.94,0.0,2880,0.0,0,0,12.0,-1.3644700313600449,1,High
Quarter2,sewing,Monday,4,26.82,1079.0,65,0.0,0,0,58.0,0.7326646899928431,1,High
Quarter2,sewing,Monday,1,26.82,1322.0,65,0.0,0,0,59.0,0.7685131467681061,1,High
Quarter2,finished,Monday,9,2.9,0.0,3600,0.0,0,0,15.0,-1.3644700313600449,1,High
Quarter2,sewing,Monday,3,30.1,964.0,50,0.0,0,1,58.0,0.1770136099762659,1,High
Quarter2,sewing,Monday,12,15.26,1132.0,63,0.0,0,0,34.0,-0.1456225010011015,1,High
Quarter2,sewing,Monday,11,11.41,357.0,50,0.0,0,0,58.0,-0.34278901326504824,1,High
Quarter2,finished,Monday,3,4.6,0.0,1440,0.0,0,0,12.0,-1.3644700313600449,0,Moderate
Quarter2,finished,Monday,4,3.94,0.0,960,0.0,0,0,8.0,-1.3644700313600449,1,Moderate
Quarter2,finished,Monday,1,3.94,0.0,960,0.0,0,0,8.0,-1.3644700313600449,1,Moderate
Quarter2,sewing,Monday,9,18.79,1193.0,45,0.0,0,0,52.0,0.49964972095363325,1,Moderate
Quarter2,sewing,Monday,2,16.1,817.0,30,0.0,0,1,45.0,0.284558980302055,1,Moderate
Quarter2,sewing,Monday,10,21.82,1576.0,30,0.0,0,0,50.0,0.42795280740310715,1,Moderate
Quarter2,finished,Monday,2,3.9,0.0,1200,0.0,0,0,10.0,-1.3644700313600449,0,Moderate
Quarter2,sewing,Monday,6,23.41,1262.0,35,0.0,0,1,38.0,-0.002228673900049323,1,Moderate
Quarter2,sewing,Monday,8,30.48,953.0,26,0.0,0,1,56.0,0.6430435480546854,1,Moderate
Quarter2,sewing,Monday,5,26.82,919.0,23,0.0,0,1,59.0,0.7505889183804746,1,Moderate
Quarter2,sewing,Monday,7,30.48,1161.0,0,0.0,0,1,55.0,0.6071950912794224,1,Low
Quarter2,finished,Monday,10,2.9,0.0,960,0.0,0,0,8.0,-1.3644700313600449,0,Low
Quarter2,finished,Monday,8,3.9,0.0,960,0.0,0,0,8.0,-1.3644700313600449,0,Low
Quarter2,finished,Tuesday,12,4.6,0.0,0,0.0,0,0,9.0,-1.0418339203826774,1,High
Quarter2,finished,Tuesday,5,3.94,0.0,0,0.0,0,0,12.0,-0.9342885500568884,1,High
Quarter2,sewing,Tuesday,1,26.82,1574.0,75,0.0,0,0,59.0,0.7505889183804746,1,High
Quarter2,finished,Tuesday,3,4.6,0.0,0,0.0,0,0,12.0,-0.9342885500568884,1,High
Quarter2,finished,Tuesday,4,3.94,0.0,0,0.0,0,0,8.0,-1.0776823771579405,1,High
Quarter2,finished,Tuesday,1,3.94,0.0,0,0.0,0,0,8.0,-1.0776823771579405,1,High
Quarter2,sewing,Tuesday,4,26.82,1104.0,65,0.0,0,0,59.0,0.39210435062784416,1,High
Quarter2,finished,Tuesday,9,2.9,0.0,0,0.0,0,0,15.0,-0.8267431797310992,1,High
Quarter2,sewing,Tuesday,12,15.26,1069.0,63,0.0,0,0,34.0,-0.1456225010011015,1,High
Quarter2,sewing,Tuesday,3,30.1,756.0,63,0.0,0,1,58.0,0.7147404616052115,1,High
Quarter2,sewing,Tuesday,11,11.41,338.0,50,0.0,0,0,58.0,-0.34278901326504824,1,High
Quarter2,finished,Tuesday,11,2.9,0.0,0,0.0,0,0,8.0,-1.0776823771579405,0,Moderate
Quarter2,sewing,Tuesday,10,21.82,1499.0,34,0.0,0,0,50.0,0.42795280740310715,1,Moderate
Quarter2,sewing,Tuesday,9,18.79,1247.0,45,0.0,0,0,52.0,0.49964972095363325,1,Moderate
Quarter2,finished,Tuesday,2,3.9,0.0,0,0.0,0,0,8.0,-1.0776823771579405,1,Moderate
Quarter2,sewing,Tuesday,8,30.48,923.0,30,0.0,0,1,57.0,0.6788920048299485,1,Moderate
Quarter2,sewing,Tuesday,6,23.41,1180.0,30,0.0,0,1,38.0,-0.002228673900049323,1,Moderate
Quarter2,sewing,Tuesday,2,16.1,957.0,40,0.0,0,1,45.0,0.24871052352679196,1,Moderate
Quarter2,sewing,Tuesday,5,26.82,1001.0,26,0.0,0,1,59.0,0.7505889183804746,1,Moderate
Quarter2,sewing,Tuesday,7,30.48,1017.0,25,0.0,0,1,57.0,0.6788920048299485,1,Moderate
Quarter2,finished,Tuesday,8,3.9,0.0,0,0.0,0,0,8.0,-1.0776823771579405,0,Low
Quarter2,finished,Tuesday,7,3.9,0.0,0,0.0,0,0,8.0,-1.0776823771579405,1,Low
Quarter2,finished,Tuesday,10,2.9,0.0,0,0.0,0,0,8.0,-1.0776823771579405,0,Low
Quarter2,finished,Wednesday,12,4.6,0.0,0,0.0,0,0,9.0,-0.7191978094053102,1,High
Quarter2,finished,Wednesday,11,2.9,0.0,0,0.0,0,0,10.0,-0.6475008958547841,1,High
Quarter2,finished,Wednesday,2,3.9,0.0,0,0.0,0,0,8.0,-0.7908947229558362,1,High
Quarter2,finished,Wednesday,4,3.94,0.0,0,0.0,0,0,8.0,-0.7908947229558362,1,High
Quarter2,finished,Wednesday,1,3.94,0.0,0,0.0,0,0,8.0,-0.7908947229558362,1,High
Quarter2,sewing,Wednesday,12,15.26,470.0,63,0.0,0,0,34.0,-0.1456225010011015,1,High
Quarter2,sewing,Wednesday,3,30.1,735.0,63,0.0,0,1,58.0,0.7147404616052115,1,High
Quarter2,sewing,Wednesday,11,11.41,560.0,50,0.0,0,0,58.0,-0.34278901326504824,1,High
Quarter2,finished,Wednesday,3,4.6,0.0,0,0.0,0,0,8.0,-0.7908947229558362,0,Moderate
Quarter2,finished,Wednesday,5,3.94,0.0,0,0.0,0,0,12.0,-0.9342885500568884,1,Moderate
Quarter2,sewing,Wednesday,10,21.82,1674.0,34,0.0,0,0,50.0,0.42795280740310715,1,Moderate
Quarter2,sewing,Wednesday,9,18.79,290.0,45,0.0,0,0,52.0,0.14116515320100284,1,Moderate
Quarter2,sewing,Wednesday,2,16.1,971.0,45,0.0,0,1,45.0,0.24871052352679196,1,Moderate
Quarter2,sewing,Wednesday,1,26.82,1322.0,45,0.0,0,0,59.0,0.7505889183804746,1,Moderate
Quarter2,sewing,Wednesday,4,26.82,1054.0,45,0.0,0,0,59.0,0.7505889183804746,1,Moderate
Quarter2,sewing,Wednesday,5,26.82,992.0,30,0.0,0,1,58.0,0.7147404616052115,1,Moderate
Quarter2,sewing,Wednesday,8,30.48,914.0,30,0.0,0,1,57.0,0.6788920048299485,1,Moderate
Quarter2,sewing,Wednesday,6,23.41,1128.0,40,0.0,0,1,38.0,-0.002228673900049323,1,Moderate
Quarter2,sewing,Wednesday,7,30.48,935.0,26,0.0,0,1,57.0,0.6788920048299485,1,Moderate
Quarter2,finished,Wednesday,10,2.9,0.0,0,0.0,0,0,8.0,-1.0776823771579405,0,Moderate
Quarter2,finished,Wednesday,8,3.9,0.0,0,0.0,0,0,8.0,-1.0776823771579405,0,Moderate
Quarter2,finished,Wednesday,7,3.9,0.0,0,0.0,0,0,8.0,-1.0776823771579405,0,Moderate
Quarter2,finished,Wednesday,9,2.9,0.0,0,0.0,0,0,15.0,-0.8267431797310992,0,Low
Quarter2,finished,Wednesday,6,2.9,0.0,0,0.0,0,0,6.0,-1.1493792907084666,0,Low
